Sequence,essencial
"MSRVAKAPVVVPAGVDVKINGQVITIKGKNGELTRTLNDAVEVKHADNTLTFGPRDGYADGWAQAGTARALLNSMVIGVTEGFTKKLQLVGVGYRAAVKGNVINLSLGFSHPVDHQLPAGITAECPTQTEIVLKGADKQVIGQVAADLRAYRRPEPYKGKGVRYADEVVRTKEAKKK",1
"MQVILLDKVANLGSLGDQVNVKAGYARNFLVPQGKAVPATKKNIEFFEARRAELEAKLAEVLAAANARAEKINALETVTIASKAGDEGKLFGSIGTRDIADAVTAAGVEVAKSEVRLPNGVLRTTGEHEVSFQVHSEVFAKVIVNVVAE",0
"MQCALYDAGRCRSCQWIMQPIPEQLSAKTADLKNLLADFPVEEWCAPVSGPEQGFRNKAKMVVSGSVEKPLLGMLHRDGTPEDLCDCPLYPASFAPVFAALKPFIARAGLTPYNVARKRGELKYILLTESQSDGGMMLRFVLRSDTKLAQLRKALPWLHEQLPQLKVITVNIQPVHMAIMEGETEIYLTEQQALAERFNDVPLWIRPQSFFQTNPAVASQLYATARDWVRQLPVKHMWDLFCGVGGFGLHCATPDMQLTGIEIASEAIACAKQSAAELGLTRLQFQALDSTQFATAQGDVPELVLVNPPRRGIGKPLCDYLSTMAPRFIIYSSCNAQTMAKDIRELPGFRIERVQLFDMFPHTAHYEVLTLLVKQ",0
"MSFSCPLCHQPLSREKNSYICPQRHQFDMAKEGYVNLLPVQHKRSRDPGDSAEMMQARRAFLDAGHYQPLRDAIVAQLRERLDDKATAVLDIGCGEGYYTHAFADALPEITTFGLDVSKVAIKAAAKRYPQVTFCVASSHRLPFSDTSMDAIIRIYAPCKAEELARVVKPGGWVITATPGPRHLMELKGLIYNEVHLHAPHAEQLEGFTLQQSAELCYPMRLRGDEAVALLQMTPFAWRAKPEVWQTLAAKEVFDCQTDFNIHLWQRSY",0
"MSEMIYGIHAVQALLERAPERFQEVFILKGREDKRLLPLIHALESQGVVIQLANRQYLDEKSDGAVHQGIIARVKPGRQYQENDLPDLIASLDQPFLLILDGVTDPHNLGACLRSADAAGVHAVIVPKDRSAQLNATAKKVACGAAESVPLIRVTNLARTMRMLQEENIWIVGTAGEADHTLYQSKMTGRLALVMGAEGEGMRRLTREHCDELISIPMAGSVSSLNVSVATGICLFEAVRQRS",0
"MTGKKRSASSSRWLQEHFSDKYVQQAQKKGLRSRAWFKLDEIQQSDKLFKPGMTVVDLGAAPGGWSQYVVTQIGGKGRIIACDLLPMDPIVGVDFLQGDFRDELVMKALLERVGDSKVQVVMSDMAPNMSGTPAVDIPRAMYLVELALEMCRDVLAPGGSFVVKVFQGEGFDEYLREIRSLFTKVKVRKPDSSRARSREVYIVATGRKP",0
"MAVVKCKPTSPGRRHVVKVVNPELHKGKPFAPLLEKNSKSGGRNNNGRITTRHIGGGHKQAYRIVDFKRNKDGIPAVVERLEYDPNRSANIALVLYKDGERRYILAPKGLKAGDQIQSGVDAAIKPGNTLPMRNIPVGSTVHNVEMKPGKGGQLARSAGTYVQIVARDGAYVTLRLRSGEMRKVEADCRATLGEVGNAEHMLRVLGKAGAARWRGVRPTVRGTAMNPVDHPHGGGEGRNFGKHPVTPWGVQTKGKKTRSNKRTDKFIVRRRSK",1
"MIGLVGKKVGMTRIFTEDGVSIPVTVIEVEANRVTQVKDLANDGYRAIQVTTGAKKANRVTKPEAGHFAKAGVEAGRGLWEFRLAEGEEFTVGQSISVELFADVKKVDVTGTSKGKGFAGTVKRWNFRTQDATHGNSLSHRVPGSIGQNQTPGKVFKGKKMAGQMGNERVTVQSLDVVRVDAERNLLLVKGAVPGATGSDLIVKPAVKA",1
"MTVSSHRLELLSPARDAAIAREAILHGADAVYIGGPGFGARHNASNSLKDIAELVPFAHRYGAKIFVTLNTILHDDELEPAQRLITDLYQTGVDALIVQDMGILELDIPPIELHASTQCDIRTVEKAKFLSDVGFTQIVLARELNLDQIRAIHQATDATIEFFIHGALCVAYSGQCYISHAQTGRSANRGDCSQACRLPYTLKDDQGRVVSYEKHLLSMKDNDQTANLGALIDAGVRSFKIEGRYKDMSYVKNITAHYRQMLDAIIEERGDLARASSGRTEHFFVPSTEKTFHRGSTDYFVNARKGDIGAFDSPKFIGLPVGEVVKVAKDHLDVAVTEPLANGDGLNVLIKREVVGFRANTVEKTGENQYRVWPNEMPADLHKIRPHHPLNRNLDHNWQQALTKTSSERRVAVDIELGGWQEQLILTLTSEEGVSITHTLDGQFDEANNAEKAMNNLKDGLAKLGQTLYYARDVQINLPGALFVPNSLLNQFRREAADMLDAARLASYQRGSRKPVADPAPVYPQTHLSFLANVYNQKAREFYHRYGVQLIDAAYEAHEEKGEVPVMITKHCLRFAFNLCPKQAKGNIKSWKATPMQLVNGDEVLTLKFDCRPCEMHVIGKIKNHILKMPLPGSVVASVSPDELLKTLPKRKG",0
"MARVKRGVIARARHKKILKQAKGYYGARSRVYRVAFQAVIKAGQYAYRDRRQRKRQFRQLWIARINAAARQNGISYSKFINGLKKASVEIDRKILADIAVFDKVAFTALVEKAKAALA",1
"MKVLNSLRTAKERHPDCQIVKRKGRLYVICKSNPRFKAVQGRKKKR",0
"MKVRASVKKLCRNCKIVKRDGVIRVICSAEPKHKQRQG",0
"MYAVFQSGGKQHRVSEGQTVRLEKLDIATGETVEFAEVLMIANGEEVKIGVPFVDGGVIKAEVVAHGRGEKVKIVKFRRRKHYRKQQGHRQWFTDVKITGISA",1
"MAVQQNKPTRSKRGMRRSHDALTAVTSLSVDKTSGEKHLRHHITADGYYRGRKVIAK",0
"MAKGIREKIKLVSSAGTGHFYTTTKNKRTKPEKLELKKFDPVVRQHVIYKEAKIK",0
"MQGSVTEFLKPRLVDIEQVSSTHAKVTLEPLERGFGHTLGNALRRILLSSMPGCAVTEVEIDGVLHEYSTKEGVQEDILEILLNLKGLAVRVQGKDEVILTLNKSGIGPVTAADITHDGDVEIVKPQHVICHLTDENASISMRIKVQRGRGYVPASTRIHSEEDERPIGRLLVDACYSPVERIAYNVEAARVEQRTDLDKLVIEMETNGTIDPEEAIRRAATILAEQLEAFVDLRDVRQPEVKEEKPEFDPILLRPVDDLELTVRSANCLKAEAIHYIGDLVQRTEVELLKTPNLGKKSLTEIKDVLASRGLSLGMRLENWPPASIADE",1
"MKRTFQPSVLKRNRSHGFRARMATKNGRQVLARRRAKGRARLTVSK",1
"MPKIKTVRGAAKRFKKTGKGGFKHKHANLRHILTKKATKRKRHLRPKAMVSKGDLGLVIACLPYA",0
"MAHKKAGGSTRNGRDSEAKRLGVKRFGGESVLAGSIIVRQRGTKFHAGANVGCGRDHTLFAKADGKVKFEVKGPKNRKFISIEAE",1
"MKRQKRDRLERAHQRGYQAGIAGRSKEMCPYQTLNQRSQWLGGWREAMADRVVMA",0
"MQNQRIRIRLKAFDHRLIDQATAEIVETAKRTGAQVRGPIPLPTRKERFTVLISPHVNKDARDQYEIRTHLRLVDIVEPTEKTVDALMRLDLAAGVDVQISLG",1
"MSAQKPGLHPRNRHHSRYDLATLCQVNPELRQFLTLTPAGEQSVDFANPLAVKALNKALLAHFYAVANWDIPDGFLCPPVPGRADYIHHLADLLAEASGTIPANASILDIGVGANCIYPLIGVHEYGWRFTGSETSSQALSSAQAIISSNPGLNRAIRLRRQKESGAIFNGIIHKNEQYDATLCNPPFHDSAAAARAGSERKRRNLGLNKDDALNFGGQQQELWCEGGEVTFIKKMIEESKGFAKQVMWFTSLVSRGENLPPLYRALTDVGAVKVVKKEMAQGQKQSRFIAWTFMNDEQRRRFVNRQR",0
"MNSLFASTARGLEELLKTELENLGAVECQVVQGGVHFKGDTRLVYQSLMWSRLASRIMLPLGECKVYSDLDLYLGVQAINWTEMFNPGATFAVHFSGLNDTIRNSQYGAMKVKDAIVDAFTRKNLPRPNVDRDAPDIRVNVWLHKETASIALDLSGDGLHLRGYRDRAGIAPIKETLAAAIVMRSGWQPGTPLLDPMCGSGTLLIEAAMLATDRAPGLHRGRWGFSGWAQHDEAIWQEVKAEAQTRARKGLAEYSSHFYGSDSDARVIQRARTNARLAGIGELITFEVKDVAQLTNPLPKGPYGTVLSNPPYGERLDSEPALIALHSLLGRIMKNQFGGWNLSLFSASPDLLSCLQLRADKQYKAKNGPLDCVQKNYHVAESTPDSKPAMVAEDYTNRLRKNLKKFEKWARQEGIECYRLYDADLPEYNVAVDRYADWVVVQEYAPPKTIDAHKARQRLFDIIAATISVLGIAPNKLVLKTRERQKGKNQYQKLGEKGEFLEVTEYNAHLWVNLTDYLDTGLFLDHRIARRMLGQMSKGKDFLNLFSYTGSATVHAGLGGARSTTTVDMSRTYLEWAERNLRLNGLTGRAHRLIQADCLAWLREANEQFDLIFIDPPTFSNSKRMEDAFDVQRDHLALMKDLKRLLRAGGTIMFSNNKRGFRMDLDGLAKLGLKAQEITQKTLSQDFARNRQIHNCWLITAA",0
"MRKILITGGAGFIGSALVRYIINETSDAVVVVDKLTYAGNLMSLAPVAQSERFAFEKVDICDRAELARVFTEHQPDCVMHLAAESHVDRSIDGPAAFIETNIVGTYTLLEAARAYWNALTEDKKSAFRFHHISTDEVYGDLHSTDDFFTETTPYAPSSPYSASKASSDHLVRAWLRTYGLPTLITNCSNNYGPYHFPEKLIPLMILNALAGKSLPVYGNGQQIRDWLYVEDHARALYCVATTGKVGETYNIGGHNERKNLDVVETICELLEELAPNKPHGVAHYRDLITFVADRPGHDLRYAIDASKIARELGWLPQETFESGMRKTVQWYLANESWWKQVQDGSYQGERLGLKG",0
"MTAELLVNVTPSETRVAYIDGGILQEIHIEREARRGIVGNIYKGRVSRVLPGMQAAFVDIGLDKAAFLHASDIMPHTECVAGEEQKQFTVRDISELVRQGQDLMVQVVKDPLGTKGARLTTDITLPSRYLVFMPGASHVGVSQRIESESERERLKKVVAEYCDEQGGFIIRTAAEGVGEAELASDAAYLKRVWTKVMERKKRPQTRYQLYGELALAQRVLRDFADAELDRIRVDSRLTYEALLEFTSEYIPEMTSKLEHYTGRQPIFDLFDVENEIQRALERKVELKSGGYLIIDQTEAMTTVDINTGAFVGHRNLDDTIFNTNIEATQAIARQLRLRNLGGIIIIDFIDMNNEDHRRRVLHSLEQALSKDRVKTSVNGFSALGLVEMTRKRTRESIEHVLCNECPTCHGRGTVKTVETVCYEIMREIVRVHHAYDSDRFLVYASPAVAEALKGEESHSLAEVEIFVGKQVKVQIEPLYNQEQFDVVMM",0
"MTIRSYKNLNLVRANIETESRQFIENKNYSIQSIGPMPGSRAGLRVVFTRPGVNLATVDIFYNGDGSTTIQYLTGANRSLGQELADHLFETINPAEFEQVNMVLQGFVETSVLPVLELSADESHIEFREHSRNAHTVVWKIISTSYQDELTVSLHITTGKLQIQGRPLSCYRVFTFNLAALLDLQGLEKVLIRQEDGKANIVQQEVARTYLQTVMADAYPHLHVTAEKLLVSGLCVKLAAPDLPDYCMLLYPELRTIEGVLKSKMSGLGMPVQQPAGFGTYFDKPAAHYILKPQFAATLRPEQINIISTAYTFFNVERHSLFHMETVVDASRMISDMARLMGKATRAWGIIKDLYIV",0
"MSEQLVTPENVTTKDGKINLLDLNRQQMREFFKDLGEKPFRADQVMKWMYHYCCDNFDEMTDINKVLRGKLKEVAEIRAPEVVEEQRSSDGTIKWAIAVGDQRVETVYIPEDDRATLCVSSQVGCALECKFCSTAQQGFNRNLRVSEIIGQVWRAAKIVGAAKVTGQRPITNVVMMGMGEPLLNLNNVVPAMEIMLDDFGFGLSKRRVTLSTSGVVPALDKLGDMIDVALAISLHAPNDEIRDEIVPINKKYNIETFLAAVRRYLEKSNANQGRVTIEYVMLDHVNDGTEHAHQLAELLKDTPCKINLIPWNPFPGAPYGRSSNSRIDRFSKVLMSYGFTTIVRKTRGDDIDAACGQLAGDVIDRTKRTLRKRMQGEAIDIKAV",0
"MNILLFGKTGQVGWELQRALAPLGNLIAFDVHSTDYCGDFSNPEGVAETVRSIRPDIIVNAAAHTAVDKAESEPEFAQLINATSVEAIAKAANEVGAWVIHYSTDYVFPGNGDMPWLETDATAPLNVYGETKLAGEKALQEYCAKHLIFRTSWVYAGKGNNFAKTMLRLAKEREELAVINDQFGAPTGAELLADCTAHAIRVALNKPDVAGLYHLVASGTTTWYDYAALVFEEARKAGIPLALNKLNAVPTTAYPTPARRPHNSRLNTEKFQQNFALVLPDWQVGVKRMLNELFTTTAI",0
"MARVTVQDAVEKIGNRFDLVLVAARRARQMQVGGKDPLVPEENDKTTVIALREIEEGLINNQILDVRERQEQQEQEAAELQAVTAIAEGRR",0
"MAQFYSAKRRTTTRQIITVSVNDLDSFGQGVARHNGKTLFIPGLLPQENAEVTVTEDKKQYARAKVVRRLSDSPERETPRCPHFGVCGGCQQQHASVDLQQRSKSAALARLMKHDVSEVIADVPWGYRRRARLSLNYLPKTQQLQMGFRKAGSSDIVDVKQCPILAPQLEALLPKVRACLGSLQAMRHLGHVELVQATSGTLMILRHTAPLSSADREKLERFSHSEGLDLYLAPDSEILETVSGEMPWYDSNGLRLTFSPRDFIQVNAGVNQKMVARALEWLDVQPEDRVLDLFCGMGNFTLPLATQAASVVGVEGVPALVEKGQQNARLNGLQNVTFYHENLEEDVTKQPWAKNGFDKVLLDPARAGAAGVMQQIIKLEPIRIVYVSCNPATLARDSEALLKAGYTIARLAMLDMFPHTGHLESMVLFSRVK",0
"MKGIILAGGSGTRLHPITRGVSKQLLPIYDKPMIYYPLSVLMLAGIREILIITTPEDKGYFQRLLGDGSEFGIQLEYAEQPSPDGLAQAFIIGETFLNGEPSCLVLGDNIFFGQGFSPKLRHVAARTEGATVFGYQVMDPERFGVVEFDDNFRAISLEEKPKQPKSNWAVTGLYFYDSKVVEYAKQVKPSERGELEITSINQMYLEAGNLTVELLGRGFAWLDTGTHDSLIEASTFVQTVEKRQGFKIACLEEIAWRNGWLDDEGVKRAASSLAKTGYGQYLLELLRARPRQY",0
"MSRPTIIINDLDAERIDILLEQPAYAGLPIADALNAELDRAQMCSPEEMPHDVVTMNSRVKFRNLSDGEVRVRTLVYPAKMTDSNTQLSVMAPVGAALLGLRVGDSIHWELPGGVATHLEVLELEYQPEAAGDYLL",0
"MLSYRHSFHAGNHADVLKHTVQSLIIESLKEKDKPFLYLDTHAGAGRYQLGSEHAERTGEYLEGIARIWQQDDLPAELEAYINVVKHFNRSGQLRYYPGSPLIARLLLREQDSLQLTELHPSDYPLLRSEFQKDSRARVEKADGFQQLKAKLPPVSRRGLILIDPPYEMKTDYQAVVSGIAEGYKRFATGIYALWYPVVLRQQIKRMIHDLEATGIRKILQIELAVLPDSDRRGMTASGMIVINPPWKLEQQMNNVLPWLHSKLVPAGTGHATVSWIVPE",0
"MNKVVLLCRPGFEKECAAEITDKAGQREIFGFARVKENAGYVIYECYQPDDGDKLIRELPFSSLIFARQWFVVGELLQHLPPEDRITPIVGMLQGVVEKGGELRVEVADTNESKELLKFCRKFTVPLRAALRDAGVLANYETPKRPVVHVFFIAPGCCYTGYSYSNNNSPFYMGIPRLKFPADAPSRSTLKLEEAFHVFIPADEWDERLANGMWAVDLGACPGGWTYQLVKRNMWVYSVDNGPMAQSLMDTGQVTWLREDGFKFRPTRSNISWMVCDMVEKPAKVAALMAQWLVNGWCRETIFNLKLPMKKRYEEVSHNLAYIQAQLDEHGINAQIQARQLYHDREEVTVHVRRIWAAVGGRRDER",0
"MKDLLKFLKAQTKTEEFDAIKIALASPDMIRSWSFGEVKKPETINYRTFKPERDGLFCARIFGPVKDYECLCGKYKRLKHRGVICEKCGVEVTQTKVRRERMGHIELASPTAHIWFLKSLPSRIGLLLDMPLRDIERVLYFESYVVIEGGMTNLERQQILTEEQYLDALEEFGDEFDAKMGAEAIQALLKSMDLEQECEQLREELNETNSETKRKKLTKRIKLLEAFVQSGNKPEWMILTVLPVLPPDLRPLVPLDGGRFATSDLNDLYRRVINRNNRLKRLLDLAAPDIIVRNEKRMLQEAVDALLDNGRRGRAITGSNKRPLKSLADMIKGKQGRFRQNLLGKRVDYSGRSVITVGPYLRLHQCGLPKKMALELFKPFIYGKLELRGLATTIKAAKKMVEREEAVVWDILDEVIREHPVLLNRAPTLHRLGIQAFEPVLIEGKAIQLHPLVCAAYNADFDGDQMAVHVPLTLEAQLEARALMMSTNNILSPANGEPIIVPSQDVVLGLYYMTRDCVNAKGEGMVLTGPKEAERLYRSGLASLHARVKVRITEYEKDANGELVAKTSLKDTTVGRAILWMIVPKGLPYSIVNQALGKKAISKMLNTCYRILGLKPTVIFADQIMYTGFAYAARSGASVGIDDMVIPEKKHEIISEAEAEVAEIQEQFQSGLVTAGERYNKVIDIWAAANDRVSKAMMDNLQTETVINRDGQEEKQVSFNSIYMMADSGARGSAAQIRQLAGMRGLMAKPDGSIIETPITANFREGLNVLQYFISTHGARKGLADTALKTANSGYLTRRLVDVAQDLVVTEDDCGTHEGIMMTPVIEGGDVKEPLRDRVLGRVTAEDVLKPGTADILVPRNTLLHEQWCDLLEENSVDAVKVRSVVSCDTDFGVCAHCYGRDLARGHIINKGEAIGVIAAQSIGEPGTQLTMRTFHIGGAASRAAAESSIQVKNKGSIKLSNVKSVVNSSGKLVITSRNTELKLIDEFGRTKESYKVPYGAVLAKGDGEQVAGGETVANWDPHTMPVITEVSGFVRFTDMIDGQTITRQTDELTGLSSLVVLDSAERTAGGKDLRPALKIVDAQGNDVLIPGTDMPAQYFLPGKAIVQLEDGVQISSGDTLARIPQESGGTKDITGGLPRVADLFEARRPKEPAILAEISGIVSFGKETKGKRRLVITPVDGSDPYEEMIPKWRQLNVFEGERVERGDVISDGPEAPHDILRLRGVHAVTRYIVNEVQDVYRLQGVKINDKHIEVIVRQMLRKATIVNAGSSDFLEGEQVEYSRVKIANRELEANGKVGATYSRDLLGITKASLATESFISAASFQETTRVLTEAAVAGKRDELRGLKENVIVGRLIPAGTGYAYHQDRMRRRAAGEAPAAPQVTAEDASASLAELLNAGLGGSDNE",1
"MDKKSARIRRATRARRKLQELGATRLVVHRTPRHIYAQVIAPNGSEVLVAASTVEKAIAEQLKYTGNKDAAAAVGKAVAERALEKGIKDVSFDRSGFQYHGRVQALADAAREAGLQF",1
"MSITKDQIIEAVAAMSVMDVVELISAMEEKFGVSAAAAVAVAAGPVEAAEEKTEFDVILKAAGANKVAVIKAVRGATGLGLKEAKDLVESAPAALKEGVSKDDAEALKKALEEAGAEVEVK",1
"MSHLDNGFRSLTLQRFPATDDVNPLQAWEAADEYLLQQLDDTEIRGPVLILNDAFGALSCALAEHKPYSIGDSYISELATRENLRLNGIDESSVKFLDSTADYPQQPGVVLIKVPKTLALLEQQLRALRKVVTSDTRIIAGAKARDIHTSTLELFEKVLGPTTTTLAWKKARLINCTFNEPQLADAPQTVSWKLEGTDWTIHNHANVFSRTGLDIGARFFMQHLPENLEGEIVDLGCGNGVIGLTLLDKNPQAKVVFVDESPMAVASSRLNVETNMPEALDRCEFMINNALSGVEPFRFNAVLCNPPFHQQHALTDNVAWEMFHHARRCLKINGELYIVANRHLDYFHKLKKIFGNCTTIATNNKFVVLKAVKLGRRR",0
"MSVRLVLAKGREKSLLRRHPWVFSGAVARMEGKASLGETIDIVDHQGKWLARGAYSPASQIRARVWTFDPSESIDIAFFSRRLQQAQKWRDWLAQKDGLDSYRLIAGESDGLPGITIDRFGNFLVLQLLSAGAEYQRAALISALQTLYPECSIYDRSDVAVRKKEGMELTQGPVTGELPPALLPIEEHGMKLLVDIQHGHKTGYYLDQRDSRLATRRYVENKRVLNCFSYTGGFAVSALMGGCSQVVSVDTSQEALDIARQNVELNKLDLSKAEFVRDDVFKLLRTYRDRGEKFDVIVMDPPKFVENKSQLMGACRGYKDINMLAIQLLNEGGILLTFSCSGLMTSDLFQKIIADAAIDAGRDVQFIEQFRQAADHPVIATYPEGLYLKGFACRVM",0
"MRQFIISENTMQKTSFRNHQVKRFSSQRSTRRKPENQPTRVILFNKPYDVLPQFTDEAGRKTLKEFIPVQGVYAAGRLDRDSEGLLVLTNNGALQARLTQPGKRTGKIYYVQVEGIPTQDALEALRNGVTLNDGPTLPAGAELVDEPAWLWPRNPPIRERKSIPTSWLKITLYEGRNRQVRRMTAHVGFPTLRLIRYAMGDYSLDNLANGEWREVTD",0
"MRKQWLGICIAAGMLAACTSDDGQQQTVSVPQPAVCNGPIVEISGADPRFEPLNATANQDYQRDGKSYKIVQDPSRFSQAGLAAIYDAEPGSNLTASGEAFDPTQLTAAHPTLPIPSYARITNLANGRMIVVRINDRGPYGNDRVISLSRAAADRLNTSNNTKVRIDPIIVAQDGSLSGPGMACTTVAKQTYALPAPPDLSGGAGTSSVSGPQGDILPVSNSTLKSEDPTGAPVTSSGFLGAPTTLAPGVLEGSEPTPAPQPVVTAPSTTPATSPAMVTPQAVSQSASGNFMVQVGAVSDQARAQQYQQQLGQKFGVPGRVTQNGAVWRIQLGPFASKAEASTLQQRLQTEAQLQSFITTAQ",0
"MAAKIRRDDEVIVLTGKDKGKRGKVKNVLSSGKVIVEGINLVKKHQKPVPALNQPGGIVEKEAAIQVSNVAIFNAATGKADRVGFRFEDGKKVRFFKSNSETIK",1
"MLPDSSVRLNKYISESGICSRREADRYIEQGNVFLNGKRATIGDQVKPGDVVKVNGQLIEPREAEDLVLIALNKPVGIVSTTEDGERDNIVDFVNHSKRVFPIGRLDKDSQGLIFLTNHGDLVNKILRAGNDHEKEYLVTVDKPITEEFIRGMSAGVPILGTVTKKCKVKKEAPFVFRITLVQGLNRQIRRMCEHFGYEVKKLERTRIMNVSLSGIPLGEWRDLTDDELIDLFKLIENSSSEVKPKAKAKPKTAGIKRPVVKMEKTAEKGGRPASNGKRFTSPGRKKKGR",0
"MKILVTGGAGFIGSAVVRHIINNTQDSVVNVDKLTYAGNRESLADVSDSERYVFEHADICDAPAMARIFAQHQPDAVMHLAAESHVDRSITGPAAFIETNIVGTYVLLEAARNYWSALDSDKKNSFRFHHISTDEVYGDLPHPDEVNNTEELPLFTETTAYAPSSPYSASKASSDHLVRAWKRTYGLPTIVTNCSNNYGPYHFPEKLIPLVILNALEGKALPIYGKGDQIRDWLYVEDHARALYTVVTEGKAGETYNIGGHNEKKNIDVVLTICDLLDEIVPKEKSYREQITYVADRPGHDRRYAIDAEKIGRALGWKPQETFESGIRKTVEWYLSNTKWVDNVKSGAYQSWIEQNYEGRQ",0
"MSDTNYAVIYDLHSHTTASDGCLTPEALVHRAVEMRVGTLAITDHDTTAAIAPAREEISRSGLALNLIPGVEISTVWENHEIHIVGLNIDITHPLMCEFLAQQTERRNQRAQLIAERLEKAQIPGALEGAQRLAQGGAVTRGHFARFLVECGKASSMADVFKKYLARGKTGYVPPQWCTIEQAIDVIHHSGGKAVLAHPGRYNLSAKWLKRLVAHFAEHHGDAMEVAQCQQSPNERTQLAALARQHHLWASQGSDFHQPCPWIELGRKLWLPAGVEGVWQLWEQPQNTTEREL",0
"MDFSIMVYAVIALVGVAIGWLFASYQHAQQKAEQLAEREEMVAELSAAKQQITQSEHWRAECELLNNEVRSLQSINTSLEADLREVTTRMEAAQQHADDKIRQMINSEQRLSEQFENLANRIFEHSNRRVDEQNRQSLNSLLSPLREQLDGFRRQVQDSFGKEAQERHTLTHEIRNLQQLNAQMAQEAINLTRALKGDNKTQGNWGEVVLTRVLEASGLREGYEYETQVSIENDARSRMQPDVIVRLPQGKDVVIDAKMTLVAYERYFNAEDDYTRESALQEHIASVRNHIRLLGRKDYQQLPGLRTLDYVLMFIPVEPAFLLALDRQPELITEALKNNIMLVSPTTLLVALRTIANLWRYEHQSRNAQQIADRASKLYDKMRLFIDDMSAIGQSLDKAQDNYRQAMKKLSSGRGNVLAQAEAFRGLGVEIKREINPDLAEQAVSQDEEYRLRSVPEQPNDEAYQRDDEYNQQSR",0
"MNYQMITTDDALASLCEAVRAFPAIALDTEFVRTRTYYPQLGLIQLFDGEHLALIDPLGITDWSPLKAILRDPSITKFLHAGSEDLEVFLNVFGELPQPLIDTQILAAFCGRPMSWGFASMVEEYSGVTLDKSESRTDWLARPLTERQCEYAAADVWYLLPITAKLMVETEASGWLPAALDECRLMQMRRQEVVAPEDAWRDITNAWQLRTRQLACLQLLADWRLRKARERDLAVNFVVREEHLWSVARYMPGSLGELDSLGLSGSEIRFHGKTLLALVEKAQTLPEDALPQPMLNLMDMPGYRKAFKAIKSLITDVSETHKISAELLASRRQINQLLNWHWKLKPQNNLPELISGWRGELMAEALHNLLQEYPQ",0
"MVKLAFPRELRLLTPSQFTFVFQQPQRAGTPQITILGRLNSLGHPRIGLTVAKKNVRRAHERNRIKRLTRESFRLRQHELPAMDFVVVAKKGVADLDNRALSEALEKLWRRHCRLARGS",1
"MKRMLINATQQEELRVALVDGQRLYDLDIESPGHEQKKANIYKGKITRIEPSLEAAFVDYGAERHGFLPLKEIAREYFPANYSAHGRPNIKDVLREGQEVIVQIDKEERGNKGAALTTFISLAGSYLVLMPNNPRAGGISRRIEGDDRTELKEALASLELPEGMGLIVRTAGVGKSAEALQWDLSFRLKHWEAIKKAAESRPAPFLIHQESNVIVRAFRDYLRQDIGEILIDNPKVLELARQHIAALGRPDFSSKIKLYTGEIPLFSHYQIESQIESAFQREVRLPSGGSIVIDSTEALTAIDINSARATRGGDIEETAFNTNLEAADEIARQLRLRDLGGLIVIDFIDMTPVRHQRAVENRLREAVRQDRARIQISHISRFGLLEMSRQRLSPSLGESSHHVCPRCSGTGTVRDNESLSLSILRLIEEEALKENTQEVHAIVPVPIASYLLNEKRSAVNAIETRQDGVRCVIVPNDQMETPHYHVLRVRKGEETPTLSYMLPKLHEEAMALPSEEEFAERKRPEQPALATFAMPDVPPAPTPAEPAAPVVAPAPKAAPATPAAPAQPGLLSRFFGALKALFSGGEETKPTEQPAPKAEAKPERQQDRRKPRQNNRRDRNERRDTRSERTEGSDNREENRRNRRQAQQQTAETRESRQQAEVTEKARTADEQQAPRRERSRRRNDDKRQAQQEAKALNVEEQSVQETEQEERVRPVQPRRKQRQLNQKVRYEQSVAEEAVVAPVVEETVAAEPIVQEAPAPRTELVKVPLPVVAQTAPEQQEENNADNRDNGGMPRRSRRSPRHLRVSGQRRRRYRDERYPTQSPMPLTVACASPELASGKVWIRYPIVRPQDVQVEEQREQEEVHVQPMVTEVPVAAAIEPVVSAPVVEEVAGVVEAPVQVAEPQPEVVETTHPEVIAAAVTEQPQVITESDVAVAQEVAEQAEPVVEPQEETADIEEVVETAEVVVAEPEVVAQPAAPVVAEVAAEVETVAAVEPEVTVEHNHATAPMTRAPAPEYVPEAPRHSDWQRPTFAFEGKGAAGGHTATHHASAAPARPQPVE",1
"MRPAGRSNNQVRPVTLTRNYTKHAEGSVLVEFGDTKVLCTASIEEGVPRFLKGQGQGWITAEYGMLPRSTHTRNAREAAKGKQGGRTMEIQRLIARALRAAVDLKALGEFTITLDCDVLQADGGTRTASITGACVALVDALQKLVENGKLKTNPMKGMVAAVSVGIVNGEAVCDLEYVEDSAAETDMNVVMTEDGRIIEVQGTAEGEPFTHEELLILLALARGESNPL",0
"MAKLTKRMRVIREKVDATKQYDINEAIALLKELATAKFVESVDVAVNLGIDARKSDQNVRGATVLPHGTGRSVRVAVFTQGANAEAAKAAGAELVGMEDLADQIKKGEMNFDVVIASPDAMRVVGQLGQVLGPRGLMPNPKVGTVTPNVAEAVKNAKAGQVRYRNDKNGIIHTTIGKVDFDADKLKENLEALLVALKKAKPTQAKGVYIKKVSISTTMGAGVAVDQAGLSASVN",0
"MATTTAECLTQETMDYHALNAMLNLYDSAGRIQFDKDRQAVDAFIATHVRPNSVTFSSQQQRLNWLVNEGYYDESVLNRYSRDFVITLFTHAHTSGFRFQTFLGAWKFYTSYTLKTFDGKRYLEDFADRVTMVALTLAQGDETLALQLTDEMLSGRFQPATPTFLNCGKQQRGELVSCFLLRIEDNMESIGRAVNSALQLSKRGGGVAFLLSNLREAGAPIKRIENQSSGVIPVMKMLEDAFSYANQLGARQGAGAVYLHAHHPDILRFLDTKRENADEKIRIKTLSLGVVIPDITFHLAKENAQMALFSPYDVERVYGKPFADVAISQHYDELVADERIRKKYLNARDFFQRLAEIQFESGYPYIMYEDTVNRANPIAGRINMSNLCSEILQVNSASEYDENLDYTRTGHDISCNLGSLNIAHTMDSPDFARTVETAVRGLTAVSDMSHIRSVPSIEAGNAASHAIGLGQMNLHGYLAREGIAYGSPEALDFTNLYFYAITWHALRTSMLLARERGETFAGFKQSRYASGEYFSQYLQGNWQPKTAKVGELFTRSGITLPTREMWAQLRDDVMRYGIYNQNLQAVPPTGSISYINHATSSIHPIVAKVEIRKEGKTGRVYYPAPFMTNENLALYQDAYEIGAEKIIDTYAEATRHVDQGLSLTLFFPDTATTRDINKAQIYAWRKGIKTLYYIRLRQMALEGTEIEGCVSCAL",0
"MALNLQDKQAIVAEVSEVAKGALSAVVADSRGVTVDKMTELRKAGREAGVYMRVVRNTLLRRAVEGTPFECLKDAFVGPTLIAYSMEHPGAAARLFKEFAKANAKFEVKAAAFEGELIPASQIDRLATLPTYEEAIARLMATMKEASAGKLVRTLAAVRDAKEAA",1
"MNTNKLSLRRNVIYLAVVQGSNYLLPLLTFPYLVRTLGPENFGIFGFCQATMLYMIMFVEYGFNLTATQSIAKAADSKDKVTSIFWAVIFSKIVLIVITLIFLTSMTLLVPEYNKHAVIIWSFVPALVGNLIYPIWLFQGKEKMKWLTLSSILSRLAIIPLTFIFVNTKSDIAIAGFIQSSANLVAGIIALAIVVHEGWIGKVTLSLHNVRRSLADGFHVFISTSAISLYSTGIVIILGFISGPTSVGNFNAANTIRNALQGLLNPITQAIYPRISSTLVLNRVKGVILIKKSLTCLSLIGGAFSLILLLGASILVKISIGPGYDNAVIVLMIISPLPFLISLSNVYGIQVMLTHNYKKEFSKILIAAGLLSLLLIFPLTTLFKEIGAAITLLATECLVTSLMLMFVRNNKLLVC",0
"MSGKPAARQGDMTQYGGSIVQGSAGVRIGAPTGVACSVCPGGVTSGHPVNPLLGAKVLPGETDIALPGPLPFILSRTYSSYRTKTPAPVGSLGPGWKMPADIRLQLRDNTLILSDNGGRSLYFEHLFPGEDGYSRSESLWLVRGGVAKLDEGHRLAALWQALPEELRLSPHRYLATNSPQGPWWLLGWCERVPEADEVLPAPLPPYRVLTGLVDRFGRTQTFHREAAGEFSGEITGVTDGAGRHFRLVLTTQAQRAEEARQQAISGGTEPSAFPDTLPGYTEYGRDNGIRLSAVWLTHDPEYPENLPAAPLVRYGWTPRGELAAVYDRSNTQVRSFTYDDKYRGRMVAHRHTGRPEICYRYDSDGRVTEQLNPAGLSYTYQYEKDRITITDSLNRREVLHTQGEGGLKRVVKKEHADGSVTQSQFDAVGRLRAQTDAAGRTTEYSPDVVTGLITRITTPDGRASAFYYNHHSQLTSATGPDGLEIRREYDEWGRLIQETAPDGDITRYRYDNPHSDLPCATEDATGSRKTMTWSRYGQLLSFTDCSGYVTRYDHDRFGQVTAVHREEGLSQYRAYDSRGQLIAVKDTQGHETRYEYNAAGDLTTVIAPDGSRNGTQYDAWGKAICTTQGGLTRSMEYDAAGRVIRLTSENGSHTTFRYDVLDRLIQETGFDGRTQRYHHDLTGKLIRSEDEGLVTHWHYDEADRLTHRTVNGETAERWQYDERGWLTDISHISEGHRVTVHYGYDSKGRLASEHLTVHHPQTNELLWQHETRHAYNAQGLANRCIPDSLPAVEWLTYGSGWLSGMKLGDTPLVEYTRDRLHRETLRSFGRYELTTAYTPAGQLQSQHLNSLLSDRDYTWNDNGELIRISSPRQTRSYSYSTTGRLTGVHTTAANLDIRIPYTTDPAGNRLPDPELHPDSALSMWPDNRIARDAHYLYRYDRHGRLTEKTDLIPEGVIRTDDERTHRYHYDSQHRLVHYTRTQYAEPLVESRYLYDPLGRRVAKRVWRRERDLTGWMSLSRKPQVTWYGWDGDRLTTIQNDRTRIQTIYQPGSFTPLIRVETATGELAKTQRRSLADTLQQSGGEDGGSVVFPPVLVQMLDRLESEILADRVSEESRRWLASCGLTVAQMQSQMDPVYTPARKIHLYHCDHRGLPLALISTEGTTAWYAEYDEWGNLLNEENPHQLQQLIRLPGQQYDEESGLYYNRHRYYDPLQGRYITQDPIGLKGGWNFYQYPLNPISNIDPLGLETLKCIKPLHSMGGTGERSGPDIWGNPFYHQYLCVPDGKGDYTCGGQDQRGESKGDGLWGPGKASNDTKEAAGRCDLVETDNSCVENCLKGKFKEVRPRYSVLPDIFTPINLGLFKNCQDWSNDSLETCKMKCSGNNIGRFIRFVFTGVM",0
"MKTFTAKPETVKRDWYVVDATGKTLGRLATELARRLRGKHKAEYTPHVDTGDYIIVLNADKVAVTGNKRTDKVYYHHTGHIGGIKQATFEEMIARRPERVIEIAVKGMLPKGPLGRAMFRKLKVYAGNEHNHAAQQPQVLDI",1
"MIQEQTMLNVADNSGARRVMCIKVLGGSHRRYAGVGDIIKITIKEAIPRGKVKKGDVLKAVVVRTKKGVRRPDGSVIRFDGNACVLLNNNSEQPIGTRIFGPVTRELRSEKFMKIISLAPEVL",1
"MRHRKSGRQLNRNSSHRQAMFRNMAGSLVRHEIIKTTLPKAKELRRVVEPLITLAKTDSVANRRLAFARTRDNEIVAKLFNELGPRFASRAGGYTRILKCGFRAGDNAPMAYIELVDRSEKAEAAAE",1
"MRLNTLSPAEGSKKAGKRLGRGIGSGLGKTGGRGHKGQKSRSGGGVRRGFEGGQMPLYRRLPKFGFTSRKAAITAEIRLSDLAKVEGGVVDLNTLKAANIIGIQIEFAKVILAGEVTTPVTVRGLRVTKGARAAIEAAGGKIEE",1
"MSRVCQVTGKRPVTGNNRSHALNATKRRFLPNLHSHRFWVESEKRFVTLRVSAKGMRVIDKKGIDTVLAELRARGEKY",1
"MKPNIHPEYRTVVFHDTSVDEYFKIGSTIKTDREIELDGVTYPYVTIDVSSKSHPFYTGKLRTVASEGNVARFTQRFGRFVSTKKGA",0
"MKKIAFGCDHVGFILKHEIVAHLVERGVEVIDKGTWSSERTDYPHYASQVALAVAGGEVDGGILICGTGVGISIAANKFAGIRAVVCSEPYSAQLSRQHNDTNVLAFGSRVVGLELAKMIVDAWLGAQYEGGRHQQRVEAITAIEQRRN",0
"MSQSEFDSALPNGIGLAPYLRMKQEGMTENESRIVEWLLKPGNLSCAPAIKDVAEALAVSEAMIVKVSKLLGFSGFRNLRSALEDYFSQSEQVLPSELAFDEAPQDVVNKVFNITLRTIMEGQSIVNVDEIHRAARFFYQARQRDLYGAGGSNAICADVQHKFLRIGVRCQAYPDAHIMMMSASLLQEGDVVLVVTHSGRTSDVKAAVELAKKNGAKIICITHSYHSPIAKLADYIICSPAPETPLLGRNASARILQLTLLDAFFVSVAQLNIEQANINMQKTGAIVDFFSPGALK",0
"MKKDIHPKYEEITASCSCGNVMKIRSTVGHDLNLDVCSKCHPFFTGKQRDVATGGRVDRFNKRFNIPGSK",0
"MSKKQSSTPHDALFKLFLRQPDTARDFLAFHLPAPIHALCDMKTLKLESSSFIDDDLRESYSDVLWSVKTEQGPGYIYCLIEHQSTSNKLIAFRMMRYAIAAMQNHLDAGYKTLPMVVPLLFYHGIESPYPYSLCWLDCFADPKLARQLYASAFPLIDVTVMPDDEIMQHRRMALLELIQKHIRQRDLMGLVEQMACLLSSGYANDRQIKGLFNYILQTGDAVRFNDFIDGVAERSPKHKESLMTIAERLRQEGEQSKALHIAKIMLESGVPLADIMRFTGLSEEELAAASQ",0
"MDAPSTTPHDAVFKQFLMHAETARDFLEIHLPVELRELCDLNTLHLESGSFIEESLKGHSTDVLYSVQMQGNPGYLHVVIEHQSKPDKKMAFRMMRYSIAAMHRHLEADHDKLPLVVPILFYQGEATPYPLSMCWFDMFYSPELARRVYNSPFPLVDITITPDDEIMQHRRIAILELLQKHIRQRDLMLLLEQLVTLIDEGYTSGSQLVAMQNYMLQRGHTEQADLFYGVLRDRETGGESMMTLAQWFEEKGIEKGIQQGRQEVSQEFAQRLLSKGMSREDVAEMANLPLAEIDKVINLI",0
"MKAKELREKSVEELNTELLNLLREQFNLRMQAASGQLQQSHLLKQVRRDVARVKTLLNEKAGA",1
"MAKTIKITQTRSAIGRLPKHKATLLGLGLRRIGHTVEREDTPAIRGMINAVSFMVKVEE",1
"MTISTTSTPHDAVFKSFLRHPDTARDFIDIHLPAPLRKLCDLTTLKLEPNSFIDEDLRQYYSDLLWSVKTQEGVGYIYVVIEHQSKPEELMAFRMMRYSIAAMQNHLDAGYKELPLVLPMLFYHGCRSPYPYSLCWLDEFAEPAIARKIYSSAFPLVDITVVPDDEIMQHRKMALLELIQKHIRQRDLLGLVDQIVSLLVTGNTNDRQLKALFNYVLQTGDAQRFRAFIGEIAERAPQEKEKLMTIADRLREEGAMQGKHEEALRIAQEMLDRGLDRELVMMVTRLSPDDLIAQSH",0
"MELVLKDAQSALTVSETTFGRDFNEALVHQVVVAYAAGARQGTRAQKTRAEVTGSGKKPWRQKGTGRARSGSIKSPIWRSGGVTFAARPQDHSQKVNKKMYRGALKSILSELVRQDRLIVVEKFSVEAPKTKLLAQKLKDMALEDVLIITGELDENLFLAARNLHKVDVRDATGIDPVSLIAFDKVVMTADAVKQVEEMLA",1
"MVYSYTEKKRIRKDFGKRPQVLDVPYLLSIQLDSFQKFIEQDPEGQYGLEAAFRSVFPIQSYSGNSELQYVSYRLGEPVFDVQECQIRGVTYSAPLRVKLRLVIYEREAPEGTVKDIKEQEVYMGEIPLMTDNGTFVINGTERVIVSQLHRSPGVFFDSDKGKTHSSGKVLYNARIIPYRGSWLDFEFDPKDNLFVRIDRRRKLPATIILRALNYTTEQILDLFFEKVIFEIRDNKLQMELVPERLRGETASFDIEANGKVYVEKGRRITARHIRQLEKDDVKLIEVPVEYIAGKVVAKDYIDESTGELICAANMELSLDLLAKLSQSGHKRIETLFTNDLDHGPYISETLRVDPTNDRLSALVEIYRMMRPGEPPTREAAESLFENLFFSEDRYDLSAVGRMKFNRSLLREEIEGSGILSKDDIIDVMKKLIDIRNGKGEVDDIDHLGNRRIRSVGEMAENQFRVGLVRVERAVKERLSLGDLDTLMPQDMINAKPISAAVKEFFGSSQLSQFMDQNNPLSEITHKRRISALGPGGLTRERAGFEVRDVHPTHYGRVCPIETPEGPNIGLINSLSVYAQTNEYGFLETPYRKVTDGVVTDEIHYLSAIEEGNYVIAQANSNLDEEGHFVEDLVTCRSKGESSLFSRDQVDYMDVSTQQVVSVGASLIPFLEHDDANRALMGANMQRQAVPTLRADKPLVGTGMERAVAVDSGVTAVAKRGGVVQYVDASRIVIKVNEDEMYPGEAGIDIYNLTKYTRSNQNTCINQMPCVSLGEPVERGDVLADGPSTDLGELALGQNMRVAFMPWNGYNFEDSILVSERVVQEDRFTTIHIQELACVSRDTKLGPEEITADIPNVGEAALSKLDESGIVYIGAEVTGGDILVGKVTPKGETQLTPEEKLLRAIFGEKASDVKDSSLRVPNGVSGTVIDVQVFTRDGVEKDKRALEIEEMQLKQAKKDLSEELQILEAGLFSRIRAVLVAGGVEAEKLDKLPRDRWLELGLTDEEKQNQLEQLAEQYDELKHEFEKKLEAKRRKITQGDDLAPGVLKIVKVYLAVKRRIQPGDKMAGRHGNKGVISKINPIEDMPYDENGTPVDIVLNPLGVPSRMNIGQILETHLGMAAKGIGDKINAMLKQQQEVAKLREFIQRAYDLGADVRQKVDLSTFSDEEVMRLAENLRKGMPIATPVFDGAKEAEIKELLKLGDLPTSGQIRLYDGRTGEQFERPVTVGYMYMLKLNHLVDDKMHARSTGSYSLVTQQPLGGKAQFGGQRFGEMEVWALEAYGAAYTLQEMLTVKSDDVNGRTKMYKNIVDGNHQMEPGMPESFNVLLKEIRSLGINIELEDE",1
"MKTETPSVKIVAITADEAGQRIDNFLRTQLKGVPKSMIYRILRKGEVRVNKKRIKPEYKLEAGDEVRIPPVRVAEREEEAVSPHLQKVAALADVILYEDDHILVLNKPSGTAVHGGSGLSFGVIEGLRALRPEARFLELVHRLDRDTSGVLLVAKKRSALRSLHEQLREKGMQKDYLALVRGQWQSHVKSVQAPLLKNILQSGERIVRVSQEGKPSETRFKVEERYAFATLVRCSPVTGRTHQIRVHTQYAGHPIAFDDRYGDREFDRQLTEAGTGLNRLFLHAAALKFTHPGTGEVMRIEAPMDEGLKRCLQKLRNAR",0
"MNVIRTEIEDVLILEPRVFGDDRGFFYESFNQSAFEHILGYPVSFVQDNHSRSSKNVLRGLHFQRGEYAQDKLVRCTHGAVFDVAVDIRPNSVSFGKWVGVLLSADNKQQLWIPKGFAHGFLVLSDIAEFQYKTTNYYHPESDCGICWNDERIAIDWPQTSGLILSPKDERLFTLDELIRLKLIA",0
"MNDTYQPINCDDYDNLELACQHHLMLTLELKDGEKLQAKASDLVSRKNVEYLVVEAAGETRELRLDKITSFSHPEIGTVVVSES",0
"MDQAGIIRDLLIWLEGHLDQPLSLDNVAAKAGYSKWHLQRMFKDVTGHAIGAYIRARRLSKSAVALRLTARPILDIALQYRFDSQQTFTRAFKKQFAQTPALYRRSPEWSAFGIRPPLRLGEFTMPEHKFVTLEDTPLIGVTQSYSCSLEQISDFRHEMRYQFWHDFLGNAPTIPPVLYGLNETRPSQDKDDEQEVFYTTALAQDQADGYVLTGHPVMLQGGEYVMFTYEGLGTGVQEFILTVYGTCMPMLNLTRRKGQDIERYYPAEDAKAGDRPINLRCELLIPIRR",0
"MKYDTSELCDIYQEDVNVVEPLFSNFGGRASFGGQIITVKCFEDNGLLYDLLEQNGRGRVLVVDGGGSVRRALVDAELARLAVQNEWEGLVIYGAVRQVDDLEELDIGIQAMAAIPVGAAGEGIGESDVRVNFGGVTFFSGDHLYADNTGIILSEDPLDIE",0
"MANPEQLEEQREETRLIIEELLEDGSDPDALYTIEHHLSADDLETLEKAAVEAFKLGYEVTDPEELEVEDGDIVICCDILSECALNADLIDAQVEQLMTLAEKFDVEYDGWGTYFEDPNGEDGDDEDFVDEDDDGVRH",0
"MPRSLKKGPFIDLHLLKKVEKAVESGDKKPLRTWSRRSTIFPNMIGLTIAVHNGRQHVPVFVTDEMVGHKLGEFAPTRTYRGHAADKKAKKK",1
"MIKEWATVVSWQNGQALVSCDVKASCSSCASRAGCGSRVLNKLGPQTTHTIVVPCDEPLVPGQKVELGIAEGSLLSSALLVYMSPLVGLFLIASLFQLLFASDVAALCGAILGGIGGFLIARGYSRKFAARAEWQPIILSVALPPGLVRFETSSEDASQ",0
"MRKIKIGLALGSGAARGWSHIGVINALKKVGIEIDIVAGCSIGSLVGAAYACDRLSALEDWVTSFSYWDVLRLMDLSWQRGGLLRGERVFNQYREIMPETEIENCSRRFAAVATNLSTGRELWFTEGDLHLAIRASCSIPGLMAPVAHNGYWLVDGAVVNPIPISLTRALGADIVIAVDLQHDAHLMQQDLLSFNVSEENSENGDSLPWHARLKERLGSITTRRAVTAPTATEIMTTSIQVLENRLKRNRMAGDPPDILIQPVCPQISTLDFHRAHAAIAAGQLAVERKMDELLPLVRTNI",0
"MNTIVFVEDDAEVGSLIAAYLAKHDMQVTVEPRGDQAEETILRENPDLVLLDIMLPGKDGMTICRDLRAKWSGPIVLLTSLDSDMNHILALEMGACDYILKTTPPAVLLARLRLHLRQNEQATLTKGLQETSLTPYKALHFGTLTIDPINRVVTLANTEISLSTADFELLWELATHAGQIMDRDALLKNLRGVSYDGLDRSVDVAISRLRKKLLDNAAEPYRIKTVRNKGYLFAPHAWE",0
"MRLDKFIAQQLGVSRAIAGREIRGNRVTVDGEIVRNAAFKLLPEHDVAYDGNPLAQQHGPRYFMLNKPQGYVCSTDDPDHPTVLYFLDEPVAWKLHAAGRLDIDTTGLVLMTDDGQWSHRITSPRHHCEKTYLVTLESPVADDTAEQFAKGVQLHNEKDLTKPAVLEVITPTQVRLTISEGRYHQVKRMFAAVGNHVVELHRERIGGITLDADLAPGEYRPLTEEEIASVV",0
"MTDYLLLFVGTVLVNNFVLVKFLGLCPFMGVSKKLETAMGMGLATTFVMTLASICAWLIDTWILIPLNLIYLRTLAFILVIAVVVQFTEMVVRKTSPVLYRLLGIFLPLITTNCAVLGVALLNINLGHNFLQSALYGFSAAVGFSLVMVLFAAIRERLAVADVPAPFRGNAIALITAGLMSLAFMGFSGLVKL",0
"MNNRVHQGHLARKRFGQNFLNDQFVIDSIVSAINPQKGQAMVEIGPGLAALTEPVGERLDQLTVIELDRDLAARLQTHPFLGPKLTIYQQDAMTFNFGELAEKMGQPLRVFGNLPYNISTPLMFHLFSYTDAIADMHFMLQKEVVNRLVAGPNSKAYGRLSVMAQYYCNVIPVLEVPPSAFTPPPKVDSAVVRLVPHATMPHPVKDVRVLSRITTEAFNQRRKTIRNSLGNLFSVEVLTGMGIDPAMRAENISVAQYCQMANYLAENAPLQES",0
"MLNKLSLLLKDAGISLTDHQKNQLIAYVNMLHKWNKAYNLTSVRDPNEMLVRHILDSIVVAPYLQGERFIDVGTGPGLPGIPLSIVRPEAHFTLLDSLGKRVRFLRQVQHELKLENIEPVQSRVEEFPSEPPFDGVISRAFASLNDMVSWCHHLPGEQGRFYALKGQMPEDEIALLPEEYQVESVVKLQVPALDGERHLVVIKANKI",0
"MSMQDPIADMLTRIRNGQAANKAAVTMPSSKLKVAIANVLKEEGFIEDFKVEGDTKPELELTLKYFQGKAVVESIQRVSRPGLRIYKRKDELPKVMAGLGIAVVSTSKGVMTDRAARQAGLGGEIICYVA",1
"MTVETQLNPTQPVNQQIYRILRRDIVHCLIAPGTPLSEKEVSVRFNVSRQPVREAFIKLAENGLIQIRPQRGSYVNKISMAQVRNGSFIRQAIECAVARRAASMITESQCYQLEQNLHQQRIAIERKQLDDFFELDDNFHQLLTQIADCQLAWDTIENLKATVDRVRYMSFDHVSPPEMLLRQHLDIFSALQKRDGDAVERAMTQHLQEISESVRQIRQENSDWFSEE",0
"MTITPATHAISINPATGEQLSVLPWAGADDIENALQLAAAGFRDWRETNIDYRAEKLRDIGKALRARSEEMAQMITREMGKPINQARAEVAKSANLCDWYAEHGPAMLKAEPTLVENQQAVIEYRPLGTILAIMPWNFPLWQVMRGAVPIILAGNGYLLKHAPNVMGCAQLIAQVFKDAGIPQGVYGWLNADNDGVSQMIKDSRIAAVTVTGSVRAGAAIGAQAGAALKKCVLELGGSDPFIVLNDADLELAVKAAVAGRYQNTGQVCAAAKRFIIEEGIASAFTERFVAAAAALKMGDPRDEENALGPMARFDLRDELHHQVEKTLAQGARLLLGGEKMAGAGNYYPPTVLANVTPEMTAFREEMFGPVAAITIAKDAEHALELANDSEFGLSATIFTTDETQARQMAARLECGGVFINGYCASDARVAFGGVKKSGFGRELSHFGLHEFCNIQTVWKDRI",0
"MSRVTAIISALIICIIVSLSWAVNHYRDNAIAYKVQRDKNARELKLANAAITDMQMRQRDVAALDAKYTKELADAKAENDALRDDVAAGRRRLHIKAVCQSVREATTASGVDNAASPRLADTAERDYFTLRERLITMQKQLEGTQKYINEQCR",0
"MSNVQEWQQLANKELSRREKTVDSLVHQTAEGIAIKPLYTEADLDNLEVTGTLPGLPPYVRGPRATMYTAQPWTIRQYAGFSTAKESNAFYRRNLAAGQKGLSVAFDLATHRGYDSDNPRVAGDVGKAGVAIDTVEDMKVLFDQIPLDKMSVSMTMNGAVLPVLAFYIVAAEEQGVTPDKLTGTIQNDILKEYLCRNTYIYPPKPSMRIIADIIAWCSGNMPRFNTISISGYHMGEAGANCVQQVAFTLADGIEYIKAAISAGLKIDDFAPRLSFFFGIGMDLFMNVAMLRAARYLWSEAVSGFGAQDPKSLALRTHCQTSGWSLTEQDPYNNVIRTTIEALAATLGGTQSLHTNAFDEALGLPTDFSARIARNTQIIIQEESELCRTVDPLAGSYYIESLTDQIVKQARAIIQQIDEAGGMAKAIEAGLPKRMIEEASAREQSLIDQGKRVIVGVNKYKLDHEDETDVLEIDNVMVRNEQIASLERIRATRDDAAVTAALNALTHAAQHNENLLAAAVNAARVRATLGEISDALEVAFDRYLVPSQCVTGVIAQSYHQSEKSASEFDAIVAQTEQFLADNGRRPRILIAKMGQDGHDRGAKVIASAYSDLGFDVDLSPMFSTPEEIARLAVENDVHVVGASSLAAGHKTLIPELVEALKKWGREDICVVAGGVIPPQDYAFLQERGVAAIYGPGTPMLDSVRDVLNLISQHHD",0
"MERYESLFAQLKERKEGAFVPFVTLGDPGIEQSLKIIDTLIEAGADALELGIPFSDPLADGPTIQNATLRAFAAGVTPAQCFEMLALIRQKHPTIPIGLLMYANLVFNKGIDEFYAQCEKVGVDSVLVADVPVEESAPFRQAALRHNVAPIFICPPNADDDLLRQIASYGRGYTYLLSRAGVTGAENRAALPLNHLVAKLKEYNAAPPLQGFGISAPDQVKAAIDAGAAGAISGSAIVKIIEQHINEPEKMLAALKVFVQPMKAATRS",0
"MTTLLNPYFGEFGGMYVPQILMPALRQLEEAFVSAQKDPEFQAQFNDLLKNYAGRPTALTKCQNITAGTNTTLYLKREDLLHGGAHKTNQVLGQALLAKRMGKTEIIAETGAGQHGVASALASALLGLKCRIYMGAKDVERQSPNVFRMRLMGAEVIPVHSGSATLKDACNEALRDWSGSYETAHYMLGTAAGPHPYPTIVREFQRMIGEETKAQILEREGRLPDAVIACVGGGSNAIGMFADFINETNVGLIGVEPGGHGIETGEHGAPLKHGRVGIYFGMKAPMMQTEDGQIEESYSISAGLDFPSVGPQHAYLNSTGRADYVSITDDEALEAFKTLCLHEGIIPALESSHALAHALKMMRENPDKEQLLVVNLSGRGDKDIFTVHDILKARGEI",0
"MIEFDNLTYLHGKPQGTGLLKANPEDFVVVEDLGFEPDGEGEHILVRILKNGCNTRFVADALAKFLKIHAREVSFAGQKDKHAVTEQWLCARVPGKEMPDLSAFQLEGCQVLEYARHKRKLRLGALKGNAFTLVLREVSNRDDVEQRLIDICVKGVPNYFGAQRFGIGGSNLQGAQRWAQTNTPVRDRNKRSFWLSAARSALFNQIVAERLKKADVNQVVDGDALQLAGRGSWFVATTEELAELQRRVNDKELMITAALPGSGEWGTQREALAFEQAAVAAETELQALLVREKVEAARRAMLLYPQQLSWNWWDDVTVEIRFWLPAGSFATSVVRELINTTGDYAHIAE",0
"MSAGKLPEGWVIAPVSTVTTLIRGVTYKKEQAINYLKDDYLPLIRANNIQNGKFDTTDLVFVPKNLVKESQKISPEDIVIAMSSGSKSVVGKSAHQHLPFECSFGAFCGVLRPEKLIFSGFIAHFTKSSLYRNKISSLSAGANINNIKPASFDLINIPIPPLAEQKIIAEKLDTLLAQVDSTKARFEQIPQILKRFRQAVLGGAVNGKLTEKWRNFEPQHSVFKKLNFESILTELRNGLSSKPNESGVGHPILRISSVRAGHVDQNDIRFLECSESELNRHKLQDGDLLFTRYNGSLEFVGVCGLLKKLQHQNLLYPDKLIRARLTKDALPEYIEIFFSSPSARNAMMNCVKTTSGQKGISGKDIKSQVVLLPPVKEQAEIVRRVEQLFAYADTIEKQVNNALARVNNLTQSILAKAFRGELTAQWRAENPDLISGENSAAALLEKIKAERAASGGKKASRKKS",0
"MRVLLFLLLSLFMLPAFSADNLLRWHDAQHFTVQASTPLKAKRAWKLCALYPSLKDSYWLSLNYGMQEAARRYGVDLKVLEAGGYSQLATQQAQIDQCKQWGAEAILLGSSTTSFPDLQKQVASLPVIELVNAIDAPQVKSRVGVPWFQMGYQPGRYLVQWAHGKPLNVLLMPGPDNAGGSKEMVEGFRAAIAGSPVRIVDIALGDNDIEIQRNLLQEMLERHPEIDVVAGTAIAAEAAMGEGRNLKTPLTVVSFYLSHQVYRGLKRGRVIMAASDQMVWQGELAVEQAIRQLQGQSVSDNVSPPILVLTPKNADREHIRRSLSPGGFRPVYFYQHTSAAKK",0
"MQTQKPTLELLTCEGAYRDNPTALFHQLCGDRPATLLLESADIDSKDDLKSLLLVDSALRITALGDTVTIQALSGNGEALLALLDNALPAGVESEQSPNCRVLRFPPVSPLLDEDARLCSLSVFDAFRLLQNLLNVPKEEREAMFFGGLFSYDLVAGFEDLPQLSAENNCPDFCFYLAETLMVIDHQKKSTRIQASLFAPNEEEKQRLTARLNELRQQLTEAAPPLPVVSVPHMRCECNQSDEEFGGVVRLLQKAIRAGEIFQVVPSRRFSLPCPSPLAAYYVLKKSNPSPYMFFMQDNDFTLFGASPESSLKYDATSRQIEIYPIAGTRPRGRRADGSLDRDLDSRIELEMRTDHKELSEHLMLVDLARNDLARICTPGSRYVADLTKVDRYSYVMHLVSRVVGELRHDLDALHAYRACMNMGTLSGAPKVRAMQLIAEAEGRRRGSYGGAVGYFTAHGDLDTCIVIRSALVENGIATVQAGAGVVLDSVPQSEADETRNKARAVLRAIATAHHAQETF",0
"MWIGIISLFPEMFRAITDYGVTGRAVKNGLLSIQSWSPRDFTHDRHRTVDDRPYGGGPGMLMMVQPLRDAIHAAKAAAGEGAKVIYLSPQGRKLDQAGVSELATNQKLILVCGRYEGIDERVIQTEIDEEWSIGDYVLSGGELPAMTLIDSVSRFIPGVLGHEASATEDSFAEGLLDCPHYTRPEVLEGMEVPPVLLSGNHAEIRRWRLKQSLGRTWLRRPELLENLALTEEQARLLAEFKTEHAQQQHKHDGMA",1
"MAQQSPYSAAMAEQRHQEWLRFVDLLKNAYQNDLHLPLLNLMLTPDEREALGTRVRIVEELLRGEMSQRELKNELGAGIATITRGSNSLKAAPVELRQWLEEVLLKSD",0
"MMNRVIPLPDEQATLDLGERVAKACDGATVIYLYGDLGAGKTTFSRGFLQALGHQGNVKSPTYTLVEPYTLDNLMVYHFDLYRLADPEELEFMGIRDYFANDAICLVEWPQQGTGVLPDPDVEIHIDYQAQGREARVSAVSSAGELLLARLAG",1
"MKQALRVAFGFLILWASVLHAEVRIVIDSGVDSGRPIGVVPFQWAGPGAAPEDIGGIVAADLRNSGKFNPLDRARLPQQPGSAQEVQPAAWSALGIDAVVVGQVTPNPDGSYNVAYQLVDTGGAPGTVLAQNSYKVNKQWLRYAGHTASDEVFEKLTGIKGAFRTRIAYVVQTNGGQFPYELRVSDYDGYNQFVVHRSPQPLMSPAWSPDGSKLAYVTFESGRSALVIQTLANGAVRQVASFPRHNGAPAFSPDGSKLAFALSKTGSLNLYVMDLASGQIRQVTDGRSNNTEPTWFPDSQNLAFTSDQAGRPQVYKVNINGGAPQRITWEGSQNQDADVSSDGKFMVMVSSNGGQQHIAKQDLATGGVQVLSSTFLDETPSLAPNGTMVIYSSSQGMGSVLNLVSTDGRFKARLPATDGQVKFPAWSPYL",0
"MRILAIDTATEACSVALWNDGTVNAHFELCPREHTQRILPMVQDILTTSGTSLTDINALAYGRGPGSFTGVRIGIGIAQGLALGAELPMIGVSTLMTMAQGAWRKNGATRVLAAIDARMGEVYWAEYQRDENGIWHGEETEAVLKPEIVHERMQQLSGEWVTVGTGWQAWPDLGKESGLVLRDGEVLLPAAEDMLPIACQMFAEGKTVAVEHAEPVYLRNNVAWKKLPGKE",1
"MNNNDLFQASRRRFLAQLGGLTVAGMLGPSLLTPRRATAAQAATDAVISKEGILTGSHWGAIRATVKDGRFVAAKPFELDKYPSKMIAGLPDHVHNAARIRYPMVRVDWLRKRHLSDTSQRGDNRFVRVSWDEALDMFYEELERVQKTHGPSALLTASGWQSTGMFHNASGMLAKAIALHGNSVGTGGDYSTGAAQVILPRVVGSMEVYEQQTSWPLVLQNSKTIVLWGSDLLKNQQANWWCPDHDVYEYYAQLKAKVAAGEIEVISIDPVVTSTHEYLGREHVKHIAVNPQTDVPLQLALAHTLYSENLYDKNFLANYCVGFEQFLPYLLGEKDGQPKDAAWAEKLTGIDAETIRGLARQMAANRTQIIAGWCVQRMQHGEQWAWMIVVLAAMLGQIGLPGGGFGFGWHYNGAGTPGRKGVILSGFSGSTSIPPVHDNSDYKGYSSTIPIARFIDAILEPGKVINWNGKSVKLPPLKMCIFAGTNPFHRHQQINRIIEGLRKLETVIAIDNQWTSTCRFADIVLPATTQFERNDLDQYGNHSNRGIIAMKQVVPPQFEARNDFDIFRELCRRFNREEAFTEGLDEMGWLKRIWQEGVQQGKGRGVHLPAFDDFWNNKEYVEFDHPQMFVRHQAFREDPDLEPLGTPSGLIEIYSKTIADMNYDDCQGHPMWFEKIERSHGGPGSQKYPLHLQSVHPDFRLHSQLCESETLRQQYTVAGKEPVFINPQDASARGIRNGDVVRVFNARGQVLAGAVVSDRYAPGVARIHEGAWYDPDKGGEPGALCKYGNPNVLTIDIGTSQLAQATSAHTTLVEIEKYNGTVEQVTAFNGPVEMVAQCEYVPASQVKS",0
"MNLTLTRRLWMGFALMALLTLTSTLVGWYNLRFISQVEKDNTQALIPTMNMARQLSEASAWELFAAQNLTSADNEKMWQAQGRMLTAQSLKINALLQALREQGFDTTAIEQQEQEISRSLRQQGELVGQRLQLRQQQQQLSQQIVAAADEIARLAQGQANNATTSAGATQAGIYDLIEQDQRQAAESALDRLIDIDLEYVNQMNELRLSALRVQQMVMNLGLEQIQKNAPTLEKQLNNAVKILQRRQIRIEDPGVRAQVATTLTTVSQYSDLLALYQQDSEISNHLQTLAQNNIAQFAQFSSEVSQLVDTIELRNQHGLAHLEKASARGQYSLLLLGMVSLCALILILWRVVYRSVTRPLAEQTQALQRLLDGDIDSPFPETAGVRELDTIGRLMDAFRSNVHALNRHREQLAAQVKARTAELQELVIEHRQARAEAEKASQAKSAFLAAMSHEIRTPLYGILGTAQLLADNPALNAQRDDLRAITDSGESLLTILNDILDYSAIEAGGKNVSVSDEPFEPRPLLESTLQLMSGRVKGRPIRLATAIADDMPCALMGDPRRIRQVITNLLSNALRFTDEGYIILRSRTDGEQWLVEVEDSGCGIDPAKLAEIFQPFVQVSGKRGGTGLGLTISSRLAQAMGGELSATSTPEVGSCFCLRLPLRVATAPVPKTVNQAVRLDGLRLLLIEDNPLTQRITIEMLKTSGAQIVAVGNAAQALETLQNSEPFAAALVDFDLPDIDGITLARQLAQQYPSLVLIGFSAHVIDETLRQRTSSLFRGIIPKPVPREVLGQLLAHYLQLQVNNDQSLDVSQLNEDAQLMGTEKIHEWLVLFTQHALPLLDEIDIARASQDSEKIKRAAHQLKSSCSSLGMHIASQLCAQLEQQPLSAPLPHEEITRSVAALEAWLHKKDLNAI",0
"MRKLWNALRRPSARWSVLALVAIGIVIGIALIVLPHVGIKVTSTTEFCVSCHSMQPVYEEYKQSVHFQNASGVRAECHDCHIPPDIPGMVKRKLEASNDIYQTFIAHSIDTPEKFEAKRAELAEREWARMKENNSATCRSCHNYDAMDHAKQHPEAARQMKVAAKDNQSCIDCHKGIAHQLPDMSSGFRKQFDELRASANDSGDTLYSIDIKPIYAAKGDKEASGSLLPASEVKVLKRDGDWLQIEITGWTESAGRQRVLTQFPGKRIFVASIRGDVQQQVKTLEKTTVADTNTEWSKLQATAWMKKGDMVNDIKPIWAYADSLYNGTCNQCHGAPEIAHFDANGWIGTLNGMIGFTSLDKREERTLLKYLQMNASDTAGKAHGDKKEEK",0
"MSQTVHFQGNPVTVANSIPQAGSKAQTFTLVAKDLSDVTLGQFAGKRKVLNIFPSIDTGVCAASVRKFNQLATEIDNTVVLCISADLPFAQSRFCGAEGLNNVITLSTFRNAEFLQAYGVAIADGPLKGLAARAVVVIDENDNVIFSQLVDEITTEPDYEAALAVLKA",0
"MGTTKHSKLLILGSGPAGYTAAVYAARANLQPVLITGMEKGGQLTTTTEVENWPGDPNDLTGPLLMERMHEHATKFETEIIFDHINKVDLQNRPFRLNGDNGEYTCDALIIATGASARYLGLPSEEAFKGRGVSACATCDGFFYRNQKVAVIGGGNTAVEEALYLSNIASEVHLIHRRDGFRAEKILIKRLMDKVENGNIILHTNRTLEEVTGDQMGVTGVRLRDTQNSDNIESLDVAGLFVAIGHSPNTAIFEGQLELENGYIKVQSGIHGNATQTSIPGVFAAGDVMDHIYRQAITSAGTGCMAALDAERYLDGLADAK",0
"MMQTVLAKIVADKAIWVEARKQQQPLASFQNEVQPSTRHFYDALQGARTAFILECKKASPSKGVIRDDFDPARIAAIYKHYASAISVLTDEKYFQGSFNFLPIVSQIAPQPILCKDFIIDPYQIYLARYYQADACLLMLSVLDDDQYRQLAAVAHSLEMGVLTEVSNEEEQERAIALGAKVVGINNRDLRDLSIDLNRTRELAPKLGHNVTVISESGINTYAQVRELSHFANGFLIGSALMAHDDLHAAVRRVLLGENKVCGLTRGQDAKAAYDAGAIYGGLIFVATSPRCVNVEQAQEVMAAAPLQYVGVFRNHDIADVVDKAKVLSLAAVQLHGNEEQLYIDTLREALPAHVAIWKALSVGETLPAREFQHVDKYVLDNGQGGSGQRFDWSLLNGQSLGNVLLAGGLGADNCVEAAQTGCAGLDFNSAVESQPGIKDARLLASVFQTLRAY",0
"MNNNDLVAKLWKLCDNLRDGGVSYQNYVNELASLLFLKMCKETGQEAEYLPEGYRWDDLKSRIGQEQLQFYRKMLVHLGEDDKKLVQAVFHNVSTTITEPKQITALVSNMDSLDWYNGAHGKSRDDFGDMYEGLLQKNANETKSGAGQYFTPRPLIKTIIHLLKPQPREVVQDPAAGTAGFLIEADRYVKSQTNDLDDLDGDTQDFQIHRAFIGLELVPGTRRLALMNCLLHDIEGNLDHGGAIRLGNTLGSDGENLPKAHIVATNPPFGSAAGTNITRTFVHPTSNKQLCFMQHIIETLHPGGRAAVVVPDNVLFEGGKGTDIRRDLMDKCHLHTILRLPTGIFYAQGVKTNVLFFTKGTVANPNQDKNCTDDVWVYDLRTNMPSFGKRTPFTDEHLQPFERVYGEDPHGLSPRTEGEWSFNAEETEVADSEENKNTDQHLATSRWRKFSREWIRTAKSDSLDISWLKDKDSIDADSLPEPDVLAAEAMGELVQALSELDALMRELGASDEADLQRQLLEEAFGGVKE",0
"MQENQQITKKEQYNLNKLQKRLRRNVGEAIADFNMIEEGDRIMVCLSGGKDSYTMLEILRNLQQSAPINFSLVAVNLDQKQPGFPEHVLPEYLEKLGVEYKIVEENTYGIVKEKIPEGKTTCSLCSRLRRGILYRTATELGATKIALGHHRDDILQTLFLNMFYGGKMKGMPPKLMSDDGKHIVIRPLAYCREKDIQRFADAKAFPIIPCNLCGSQPNLQRQVIADMLRDWDKRYPGRIETMFSAMQNVVPSHLCDTNLFDFKGITHGSEVVNGGDLAFDREEIPLQPACWQPEEDENQLDELRLNVVEVK",0
"MKKLLPILIGLSLSGFSSLSQAENLMQVYQQARLSNPELRKSAADRDAAFEKINEARSPLLPQLGLGADYTYSNGYRDANGINSNATSASLQLTQSIFDMSKWRALTLQEKAAGIQDVTYQTDQQTLILNTATAYFNVLNAIDVLSYTQAQKEAIYRQLDQTTQRFNVGLVAITDVQNARAQYDTVLANEVTARNNLDNAVEQLRQITGNYYPELAALNVENFKTDKPQPVNALLKEAEKRNLSLLQARLSQDLAREQIRQAQDGHLPTLDLTASTGISDTSYSGSKTRGAAGTQYDDSNMGQNKVGLSFSLPIYQGGMVNSQVKQAQYNFVGASEQLESAHRSVVQTVRSSFNNINASISSINAYKQAVVSAQSSLDAMEAGYSVGTRTIVDVLDATTTLYNAKQELANARYNYLINQLNIKSALGTLNEQDLLALNNALSKPVSTNPENVAPQTPEQNAIADGYAPDSPAPVVQQTSARTTTSNGHNPFRN",0
"MLEILYQDEWLVAVNKPSGWLVHRSWLDRDEKVVVMQTVRDQIGQHVFTAHRLDRPTSGVLLMGLSSEAGRLLAQQFEQHQIQKRYHAIVRGWLMEEAVLDYPLVEELDKIADKFAREDKGPQPAVTHYRGLATVEMPVATGRYPTTRYGLVELEPKTGRKHQLRRHLAHLRHPIIGDSKHGDLRQNRSGAEHFGLQRLMLHASQLSLTHPFTGEPLTIHAGLDDTWMQALSQFGWRGLLPENERVEFSAPSGQDGEISS",0
"MIIGNIHNLQPWLPQELRQAIEHIKAHVTAETPKGKHDIEGNRLFYLISEDMTEPYEARRAEYHARYLDIQIVLKGQEGMTFSTQPAGAPDTDWLADKDIAFLPEGVDEKTVILNEGDFVVFYPGEVHKPLCAVGAPAQVRKAVVKMLMA",0
"MSKATEQNDKLKRAIIISAVLHVILFAALIWSSFDENIEASAGGGGGSSIDAVMVDSGAVVEQYKRMQSQESSAKRSDEQRKMKEQQAAEELREKQAAEQERLKQLEKERLAAQEQKKQAEEAAKQAELKQKQAEEAAAKAAADAKAKAEADAKAAEEAAKKAAADAKKKAEAEAAKAAAEAQKKAEAAAAALKKKAEAAEAAAAEARKKAATEAAEKAKAEAEKKAAAEKAAADKKAAAEKAAADKKAAEKAAAEKAAADKKAAAEKAAADKKAAAAKAAAEKAAAAKAAAEADDIFGELSSGKNAPKTGGGAKGNNASPAGSGNTKNNGASGADINNYAGQIKSAIESKFYDASSYAGKTCTLRIKLAPDGMLLDIKPEGGDPALCQAALAAAKLAKIPKPPSQAVYEVFKNAPLDFKP",0
"MTDMNILDLFLKASLLVKLIMLILIGFSIASWAIIIQRTRILNAAAREAEAFEDKFWSGIELSRLYQESQGKRDNLTGSEQIFYSGFKEFVRLHRANSHAPEAVVEGASRAMRISMNRELENLETHIPFLGTVGSISPYIGLFGTVWGIMHAFIALGAVKQATLQMVAPGIAEALIATAIGLFAAIPAVMAYNRLNQRVNKLELNYDNFMEEFTAILHRQAFTVSESNKG",0
"MTDKLTSLRQYTTVVADTGDIAAMKLYQPQDATTNPSLILNAAQIPEYRKLIDDAVAWAKQQSNDRAQQIVDATDKLAVNIGLEILKLVPGRISTEVDARLSYDTEASIAKAKRLIKLYNDAGISNDRILIKLASTWQGIRAAEQLEKEGINCNLTLLFSFAQARACAEAGVFLISPFVGRILDWYKANTDKKEYAPAEDPGVVSVSEIYQYYKEHGYETVVMGASFRNIGEILELAGCDRLTIAPALLKELAESEGAIERKLSYTGEVKARPARITESEFLWQHNQDPMAVDKLAEGIRKFAIDQEKLEKMIGDLL",0
"MRHPLVMGNWKLNGSRHMVHELVSNLRKELAGVAGCAVAIAPPEMYIDMAKREAEGSHIMLGAQNVDLNLSGAFTGETSAAMLKDIGAQYIIIGHSERRTYHKESDELIAKKFAVLKEQGLTPVLCIGETEAENEAGKTEEVCARQIDAVLKTQGAAAFEGAVIAYEPVWAIGTGKSATPAQAQAVHKFIRDHIAKVDANIAEQVIIQYGGSVNASNAAELFAQPDIDGALVGGASLKADAFAVIVKAAEAAKQA",0
"MGKALVIVESPAKAKTINKYLGSDYVVKSSVGHIRDLPTSGSAAKKSADSTSTKTAKKPKKDERGALVNRMGVDPWHNWEAHYEVLPGKEKVVSELKQLAEKADHIYLATDLDREGEAIAWHLREVIGGDDARYSRVVFNEITKNAIRQAFNKPGELNIDRVNAQQARRFMDRVVGYMVSPLLWKKIARGLSAGRVQSVAVRLVVEREREIKAFVPEEFWEVDASTTTPSGEALALQVTHQNDKPFRPVNKEQTQAAVSLLEKARYSVLEREDKPTTSKPGAPFITSTLQQAASTRLGFGVKKTMMMAQRLYEAGYITYMRTDSTNLSQDAVNMVRGYISDNFGKKYLPESPNQYASKENSQEAHEAIRPSDVNVMAESLKDMEADAQKLYQLIWRQFVACQMTPAKYDSTTLTVGAGDFRLKARGRILRFDGWTKVMPALRKGDEDRILPAVNKGDALTLVELTPAQHFTKPPARFSEASLVKELEKRGIGRPSTYASIISTIQDRGYVRVENRRFYAEKMGEIVTDRLEENFRELMNYDFTAQMENSLDQVANHEAEWKAVLDHFFSDFTQQLDKAEKDPEEGGMRPNQMVLTSIDCPTCGRKMGIRTASTGVFLGCSGYALPPKERCKTTINLVPENEVLNVLEGEDAETNALRAKRRCPKCGTAMDSYLIDPKRKLHVCGNNPTCDGYEIEEGEFRIKGYDGPIVECEKCGSEMHLKMGRFGKYMACTNEECKNTRKILRNGEVAPPKEDPVPLPELPCEKSDAYFVLRDGAAGVFLAANTFPKSRETRAPLVEELYRFRDRLPEKLRYLADAPQQDPEGNKTMVRFSRKTKQQYVSSEKDGKATGWSAFYVDGKWVEGKK",1
"MARARGRGRRDLKSEINIVPLLDVLLVLLLIFMATAPIITQSVEVDLPDATESQAVSSNDNPPVIVEVSGIGQYTVVVEKDRLERLPPEQVVAEVSSRFKANPKTVFLIGGAKDVPYDEIIKALNLLHSAGVKSVGLMTQPI",0
"MMNKSNFEFLKGVNDFTYAIACAAENNYPDDPNTTLIKMRMFGEATAKHLGLLLNIPPCENQHDLLRELGKIAFVDDNILSVFHKLRRIGNQAVHEYHNDLNDAQMCLRLGFRLAVWYYRLVTKDYDFPVPVFVLPERGENLYHQEVLTLKQQLEQQVREKAQTQAEVEAQQQKLVALNGYIAILEGKQQETEAQTQARLAALEAQLAEKNAELAKQTEQERKAYHKEITDQAIKRTLNLSEEESRFLIDAQLRKAGWQADSKTLRFSKGARPEPGVNKAIAEWPTGKDETGNQGFADYVLFVGLKPIAVVEAKRNNIDVPARLNESYRYSKCFDNGFLRETLLEHYSPDEVHEAVPEYETSWQDTSGKQRFKIPFCYSTNGREYRATMKTKSGIWYRDVRDTRNMSKALPEWHRPEELLEMLGSEPQKQNQWFADNPGMSELGLRYYQEDAVRAVEKAIVKGQQEILLAMATGTGKTRTAIAMMFRLIQSQRFKRILFLVDRRSLGEQALGAFEDTRINGDTFNSIFDIKGLTDKFPEDSTKIHVATVQSLVKRTLQSDEPMPVARYDCIVVDEAHRGYILDKEQTEGELQFRSQLDYVSAYRRILDHFDAVKIALTATPALHTVQIFGEPVYRYTYRTAVIDGFLIDQDPPIQIITRNAQEGVYLSKGEQVERISPQGEVINDTLEDDQDFEVADFNRGLVIPAFNRAVCNELTNYLDPTGSQKTLVFCVTNAHADMVVEELRAAFKKKYPQLEHDAIIKITGDADKDARKVQTMITRFNKERLPNIVVTVDLLTTGVDIPSICNIVFLRKVRSRILYEQMKGRATRLCPEVNKTSFKIFDCVDIYSTLESVDTMRPVVVRPKVELQTLVNEITDSETYKITEADGRSFAEHSHEQLVAKLQRIIGLATFNRDRSETIDKQVRRLDELCQDAAGVNFNGFASRLREKGPHWSAEVFNKLPGFIARLEKLKTDINNLNDAPIFLDIDDEVVSVKSLYGDYDTPQDFLEAFDSLVQRSPNAQPALQAVINRPRDLTRKGLVELQEWFDRQHFEESSLRKAWKETRNEDIAARLIGHIRRAAVGDALKPFEERVDHALTRIKGENDWSSEQLSWLDRLAQALKEKVVLDDDVFKTGNFHRRGGKAMLQRTFDDNLDTLLGKFSDYIWDELA",0
"MSYQYVNVVTINKVAVIEFNYGRKLNALSKVFIDDLMQALSDLNRPEIRCIILRAPSGSKVFSAGHDIHELPSGGRDPLSYDDPLRQITRMIQKFPKPIISMVEGSVWGGAFEMIMSSDLIIAASTSTFSMTPVNLGVPYNLVGIHNLTRDAGFHIVKELIFTASPITAQRALAVGILNHVVEVEELEDFTLQMAHHISEKAPLAIAVIKEELRVLGEAHTMNSDEFERIQGMRRAVYDSEDYQEGMNAFLEKRKPNFVGH",0
"MSDWNPSLYLHFSAERSRPAVELLARVPLENVEYVADLGCGPGNSTALLQQRWPAARITGIDSSPAMIAEARSALPDCQFVEADIRNWQPVQALDLIFANASLQWLPDHYELFPHLVSLLNPQGVLAVQMPDNWLEPTHVLMREVAWEQNYPDRGREPLAGVHAYYDILSEAGCEVDIWRTTYYHQMPSHQAIIDWVTATGLRPWLQDLTESEQQLFLKRYHQMLEEQYPLQENGQILLAFPRLFIVARRME",0
"MAKQPGLDFQSAKGGLGELKRRLLFVIGALIVFRIGSFIPIPGIDAAVLAKLLEQQRGTIIEMFNMFSGGALSRASIFALGIMPYISASIIIQLLTVVHPTLAEIKKEGESGRRKISQYTRYGTLVLAIFQSIGIATGLPNMPGMQGLVINPGFAFYFTAVVSLVTGTMFLMWLGEQITERGIGNGISIIIFAGIVAGLPPAIAHTIEQARQGDLHFLVLLLVAVLVFAVTFFVVFVERGQRRIVVNYAKRQQGRRVYAAQSTHLPLKVNMAGVIPAIFASSIILFPATIASWFGGGTGWNWLTTISLYLQPGQPLYVLLYASAIIFFCFFYTALVFNPRETADNLKKSGAFVPGIRPGEQTAKYIDKVMTRLTLVGALYITFICLIPEFMRDAMKVPFYFGGTSLLIVVVVIMDFMAQVQTLMMSSQYESALKKANLKGYGR",1
"MSGILTRWRQFGKRYFWPHLLLGMVAASLGLPALSNAAEPNAPAKATTRNHEPSAKVNFGQLALLEANTRRPNSNYSVDYWHQHAIRTVIRHLSFAMAPQTLPVAEESLPLQAQHLALLDTLSALLTQEGTPSEKGYRIDYAHFTPQAKFSTPVWISQAQGIRAGPQRLT",1
"MLNRYPLWKYVMLIVVIVIGLLYALPNLFGEDPAVQITGARGVAASEQTLIQVQKTLQEEKITAKSVALEEGAILARFDSTDTQLRAREALMGVMGDKYVVALNLAPATPRWLAAIHAEPMKLGLDLRGGVHFLMEVDMDTALGKLQEQNIDSLRSDLREKGIPYTTVRKENNYGLSITFRDAKARDEAIAYLSKRHPDLVISSQGSNQLRAVMSDARLSEAREYAVQQNINILRNRVNQLGVAEPVVQRQGADRIVVELPGIQDTARAKEILGATATLEFRLVNTNVDQAAAASGRVPGDSEVKQTREGQPVVLYKRVILTGDHITDSTSSQDEYNQPQVNISLDSAGGNIMSNFTKDNIGKPMATLFVEYKDSGKKDANGRAVLVKQEEVINIANIQSRLGNSFRITGINNPNEARQLSLLLRAGALIAPIQIVEERTIGPTLGMQNIEQGLEACLAGLLVSILFMIIFYKKFGLIATSALIANLILIVGIMSLLPGATLSMPGIAGIVLTLAVAVDANVLINERIKEELSNGRTVQQAIDEGYRGAFSSIFDANITTLIKVIILYAVGTGAIKGFAITTGIGVATSMFTAIVGTRAIVNLLYGGKRVKKLSI",1
"MQERHTEQDYRALLIADTPIIDVRAPIEFEHGAMPAAINLPLMNNDERAAVGTCYKQQGSDAALALGHKLVAGEIRQQRMDAWRAACLQNPQGILCCARGGQRSHIVQSWLHAAGIDYPLVEGGYKALRQTAIQATIELAQKPIVLIGGCTGSGKTLLVQQQPNGVDLEGLARHRGSAFGRTLQPQLSQASFENLLAAEMLKTDARQNLRLWVLEDESRMIGSNHLPECLRERMTQAAIAVVEDPFEIRLERLNEEYFLRMHHDFTHAYGDEQGWQEYCEYLHHGLSAIKRRLGLQRYNELAARLDAALTTQLTTGSTDGHLAWLVPLLEEYYDPMYRYQLEKKAEKVVFRGEWAEVAEWVKAR",0
"MAQHTVYFPDAFLTQMREAMPSTLSFDDFLAACQRPLRRSIRVNTLKISVADFLQLTAPYGWTLTPIPWCEEGFWIERDNEDALPLGSTAEHLSGLFYIQEASSMLPVAALFADGNAPQRVMDVAAAPGSKTTQISARMNNEGAILANEFSASRVKVLHANISRCGISNVALTHFDGRVFGAAVPEMFDAILLDAPCSGEGVVRKDPDALKNWSPESNQEIAATQRELIDSAFHALRPGGTLVYSTCTLNQEENEAVCLWLKETYPDAVEFLPLGDLFPGANKALTEEGFLHVFPQIYDCEGFFVARLRKTQAIPALPAPKYKVGNFPFSPVKDREAGQIRQAATGVGLNWDENLRLWQRDKELWLFPVGIEALIGKVRFSRLGIKLAETHNKGYRWQHEAVIALASPDNMNAFELTPQEAEEWYRGRDVYPQAAPVADDVLVTFQHQPIGLAKRIGSRLKNSYPRELVRDGKLFTGNA",0
"MVFRIASSPYTHNQRQTSRIMLLVLLAAVPGIAAQLWFFGWGTLVQILLASVSALLAEALVLKLRKQSVAATLKDNSALLTGLLLAVSIPPLAPWWMVVLGTVFAVIIAKQLYGGLGQNPFNPAMIGYVVLLISFPVQMTSWLPPHEIAVNIPGFIDAIQVIFSGHTASGGDMNTLRLGIDGISQATPLDTFKTSVRAGHSVEQIMQYPIYSGILAGAGWQWVNLAWLAGGVWLLWQKAIRWHIPLSFLVTLALCAMLGWLFSPETLAAPQIHLLSGATMLGAFFILTDPVTASTTNRGRLIFGALAGLLVWLIRSFGGYPDGVAFAVLLANITVPLIDYYTRPRVYGHRKG",0
"MKIVKAEVFVTCPGRNFVTLKITTEDGITGLGDATLNGRELSVASYLQDHLCPQLIGRDAHRIEDIWQFFYKGAYWRRGPVTMSAISAVDMALWDIKAKAANMPLYQLLGGASREGVMVYCHTTGHSIDEALDDYARHQELGFKAIRVQCGIPGMKTTYGMSKGKGLAYEPATKGQWPEEQLWSTEKYLDFMPKLFDAVRNKFGFNEHLLHDMHHRLTPIEAARFGKSIEDYRMFWMEDPTPAENQECFRLIRQHTVTPIAVGEVFNSIWDCKQLIEEQLIDYIRTTLTHAGGITGMRRIADFASLYQVRTGSHGPSDLSPVCMAAALHFDLWVPNFGVQEYMGYSEQMLEVFPHNWTFDNGYMHPGDKPGLGIEFDEKLAAKYPYEPAYLPVARLEDGTLWNW",0
"MKSILIEKPNQLAIVEREIPTPSAGEVRVKVKLAGICGSDSHIYRGHNPFAKYPRVIGHEFFGVIDAVGEGVESARVGERVAVDPVVSCGHCYPCSIGKPNVCTTLAVLGVHADGGFSEYAVVPAKNAWKIPEAVADQYAVMIEPFTIAANVTGHGQPTENDTVLVYGAGPIGLTIVQVLKGVYNVKNVIVADRIDERLEKAKESGADWAINNSQTPLGEIFTEKGIKPTLIIDAACHPSILKEAVTLASPAARIVLMGFSSEPSEVIQQGITGKELSIFSSRLNANKFPIVIDWLSKGLIKPEKLITHTFDFQHVADAISLFEQDQKHCCKVLLTFSE",0
"MQKEQLSALMDGETLDSELLNELAHNPEMQKTWESYHLIRDSMRGDTPEVLHFDISSRVMAAIEEEPVRQPATLIPEAQPAPHQWQKMPFWQKVRPWAAQLTQMGVAACVSLAVIVGVQHYNGQSETSQQPETPVFNTLPMMGKASPVSLGVPSEATANNGQQQQVQEQRRRINAMLQDYELQRRLHSEQLQFEQAQTQQAAVQVPGIQTLGTQSQ",0
"MKQLWFAMSLVTGSLLFSANASATPASGALLQQMNLASQSLNYELSFISINKQGVESLRYRHARLDNRPLAQLLQMDGPRREVVQRGNEISYFEPGLEPFTLNGDYIVDSLPSLIYTDFKRLSPYYDFISVGRTRIADRLCEVIRVVARDGTRYSYIVWMDTESKLPMRVDLLDRDGETLEQFRVIAFNVNQDISSSMQTLAKANLPPLLSVPVGEKAKFSWTPTWLPQGFSEVSSSRRPLPTMDNMPIESRLYSDGLFSFSVNVNRATPSSTDQMLRTGRRTVSTSVRDNAEITIVGELPPQTAKRIAENIKFGAAQ",0
"MNYELLTTENAPVKMWTKGVPVEADARQQLINTAKMPFIFKHIAVMPDVHLGKGSTIGSVIPTKGAIIPAAVGVDIGCGMNALRTALTAEDLPENLAELRQAIETAVPHGRTTGRCKRDKGAWENPPVNVDAKWAELEAGYQWLTQKYPRFLNTNNYKHLGTLGTGNHFIEICLDESDQVWIMLHSGSRGIGNAIGTYFIDLAQKEMQETLETLPSRDLAYFMEGTEYFDDYLKAVAWAQLFASLNRDAMMENVVTALQSITQKTVRQPQTLAMEEINCHHNYVQKEQHFGEEIYVTRKGAVSARAGQYGIIPGSMGAKSFIVRGLGNEESFCSCSHGAGRVMSRTKAKKLFSVEDQIRATAHVECRKDAEVIDEIPMAYKDIDAVMAAQSDLVEVIYTLRQVVCVKG",0
"MRIPRIYHPEPLTSHSHIALCEDAANHIGRVLRMGPGQALQLFDGSNQVFDAEITSASKKSVEVKVLEGQIDDRESPLHIHLGQVMSRGEKMEFTIQKSIELGVSLITPLFSERCGVKLDSERLNKKLQQWQKIAIAACEQCGRNRVPEIRPAMDLEAWCAEQDEGLKLNLHPRASNSINTLPLPVERVRLLIGPEGGLSADEIAMTARYQFTDILLGPRVLRTETTALTAITALQVRFGDLG",0
"MNIVDQQTFRDAMSCMGAAVNIITTDGPAGRAGFTASAVCSVTDTPPTLLVCLNRGASVWPAFNENRTLCVNTLSAGQEPLSNLFGGKTPMEHRFAAARWQTGVTGCPQLEEALVSFDCRISQVVSVGTHDILFCAIEAIHRHTTPYGLVWFDRSYHALMRPAC",0
"MRKTVAFGFVGTVLDYAGRGSQRWSKWRPTLCLCQQESLVIDRLELLHDARSRSLFETLKRDIASVSPETEVVSVEIELHNPWDFEEVYACLHDFARGYEFQPEKEDYLIHITTGTHVAQICWFLLAEARYLPARLIQSSPPRKKEQPRGPGEVTIIDLDLSRYNAIASRFAEERQQTLDFLKSGIATRNPHFNRMIEQIEKVAIKSRAPILLNGPTGAGKSFLARRILELKQARHQFSGAFVEVNCATLRGDTAMSTLFGHVKGAFTGARESREGLLRSANGGMLFLDEIGELGADEQAMLLKAIEEKTFYPFGSDRQVSSDFQLIAGTVRDLRQLVAEGKFREDLYARINLWTFTLPGLRQRQEDIEPNLDYEVERHASLTGDSVRFNTEARRAWLAFATSPQATWRGNFRELSASVTRMATFATSGRITLDVVEDEINRLRYNWQESRPSALTALLGAEAENIDLFDRMQLEHVIAICRQAKSLSAAGRQLFDVSRQGKASVNDADRLRKYLARFGLTWEAVQDQHSSS",0
"MQDAAPRLTFTLRDEERLMMKIGVFVPIGNNGWLISTHAPQYMPTFELNKAIVQKAEHYHFDFALSMIKLRGFGGKTEFWDHNLESFTLMAGLAAVTSRIQIYATAATLTLPPAIVARMAATIDSISGGRFGVNLVTGWQKPEYEQMGIWPGDDYFSRRYDYLTEYVQVLRDLWGTGKSDFKGDFFTMNDCRVSPQPSVPMKVICAGQSDAGMAFSARYADFNFCFGKGVNTPTAFAPTAARMKQAAEQTGRDVGSYVLFMVIADETDDAARAKWEHYKAGADEEALSWLTEQSQKDTRSGTDTNVRQMADPTSAVNINMGTLVGSYASVARMLDEVASVPGAEGVLLTFDDFLSGIETFGERIQPLMQCRAHLPALTQEVA",0
"MNEAVSPGALSTLFTDARTHNGWRETPVSDETLREIYALMKWGPTSANCSPARIVFTRTAEGKERLRPALSSGNLQKTLTAPVTAIVAWDSEFYERLPLLFPHGDARSWFTSSPQLAEETAFRNSSMQAAYLIVACRALGLDTGPMSGFDRQHVDDAFFTGSTLKSNLLINIGYGDSSKLYARLPRLSFEEACGLL",0
"MKLSLSPPPYADAPVVVLISGLGGSGSYWLPQLAVLEQEYQVVCYDQRGTGNNPDTLAEDYSIAQMAAELHQALVAAGIEHYAVVGHALGALVGMQLALDYPASVTVLISVNGWLRINAHTRRCFQVRERLLYSGGAQAWVEAQPLFLYPADWMAARAPRLEAEDALALAHFQGKNNLLRRLNALKRADFSHHADRIRCPVQIICASDDLLVPTACSSELHAALPDSQKMVMPYGGHACNVTDPETFNALLLNGLASLLHHREAAL",0
"MIGRLRGIIIEKQPPLVLIEVGGVGYEVHMPMTCFYELPEAGQEAIVFTHFVVREDAQLLYGFNNKQERTLFKELIKTNGVGPKLALAILSGMSAQQFVNAVEREEVGALVKLPGIGKKTAERLIVEMKDRFKGLHGDLFTPAADLVLTSPASPATDDAEQEAVAALVALGYKPQEASRMVSKIARPDASSETLIREALRAAL",0
"MTDNPNKKTFWDKVHLDPTMLLILLALLVYSALVIWSASGQDIGMMERKIGQIAMGLVIMVVMAQIPPRVYEGWAPYLYIICIILLVAVDAFGAISKGAQRWLDLGIVRFQPSEIAKIAVPLMVARFINRDVCPPSLKNTGIALVLIFMPTLLVAAQPDLGTSILVALSGLFVLFLSGLSWRLIGVAVVLVAAFIPILWFFLMHDYQRQRVMMLLDPESDPLGAGYHIIQSKIAIGSGGLRGKGWLHGTQSQLEFLPERHTDFIFAVLAEELGLVGILILLALYILLIMRGLWIAARAQTTFGRVMAGGLMLILFVYVFVNIGMVSGILPVVGVPLPLVSYGGSALIVLMAGFGIVMSIHTHRKMLSKSV",1
"MTQDELKKAVGWAALQYVQPGTIVGVGTGSTAAHFIDALGTMKGQIEGAVSSSDASTEKLKSLGIHVFDLNEVDSLGIYVDGADEINGHMQMIKGGGAALTREKIIASVAEKFICIADASKQVDILGKFPLPVEVIPMARSAVARQLVKLGGRPEYRQGVVTDNGNVILDVHGMEILDPIAMENAINAIPGVVTVGLFANRGADVALIGTPDGVKTIVK",0
"MTLSFVTRWRDELPETYTALSPTPLNNARLIWHNTELANTLSIPSSLFKNGAGVWGGEALLPGMSPLAQVYSGHQFGVWAGQLGDGRGILLGEQLLADGTTMDWHLKGAGLTPYSRMGDGRAVLRSTIRESLASEAMHYLGIPTTRALSIVTSDSPVYRETAEPGAMLMRVAPSHLRFGHFEHFYYRRESEKVRQLADFAIRHYWSHLADDEDKYRLWFSDVVARTASLIAQWQTVGFAHGVMNTDNMSLLGLTLDYGPFGFLDDYEPGFICNHSDHQGRYSFDNQPAVALWNLQRLAQTLSPFVAVDALNEALDSYQQVLLTHYGERMRQKLGFMTEQKEDNALLNELFSLMARERSDYTRTFRMLSLTEQHSAASPLRDEFIDRAAFDDWFARYRGRLQQDEVSDSERQQLMQSVNPALVLRNWLAQRAIEAAEKGDMTELHRLHEALRNPFSDRDDDYVSRPPDWGKRLEVSCSS",0
"MISAFDIFKIGIGPSSSHTVGPMNAGKSFIDRLESSGLLTATSHIVVDLYGSLSLTGKGHATDVAIIMGLAGNSPQDVVIDEIPAFIELVTRSGRLPVASGAHIVDFPVAKNIIFHPEMLPRHENGMRITAWKGQEELLSKTYYSVGGGFIVEEEHFGLSHDVETSVPYDFHSAGELLKMCDYNGLSISGLMMHNELALRSKAEIDAGFARIWQVMHDGIERGMNTEGVLPGPLNVPRRAVALRRQLVSSDNISNDPMNVIDWINMYALAVSEENAAGGRVVTAPTNGACGIIPAVLAYYDKFRRPVNERSIARYFLAAGAIGALYKMNASISGAEVGCQGEIGVACSMAAAGLTELLGGSPAQVCNAAEIAMEHNLGLTCDPVAGQVQIPCIERNAINAVKAVNAARMAMRRTSAPRVSLDKVIETMYETGKDMNDKYRETSRGGLAIKVVCG",0
"MTTNTVSRKVAWLRVVTLAVAAFIFNTTEFVPVGLLSDIAQSFHMQTAQVGIMLTIYAWVVALMSLPFMLMTSQVERRKLLICLFVVFIASHVLSFLSWSFTVLVISRIGVAFAHAIFWSITASLAIRMAPAGKRAQALSLIATGTALAMVLGLPLGRIVGQYFGWRMTFFAIGIGALITLLCLIKLLPLLPSEHSGSLKSLPLLFRRPALMSIYLLTVVVVTAHYTAYSYIEPFVQNIAGFSANFATALLLLLGGAGIIGSVIFGKLGNQYASALVSTAIALLLVCLALLLPAANSEIHLGVLSIFWGIAMMIIGLGMQVKVLALAPDATDVAMALFSGIFNIGIGAGALVGNQVSLHWSMSMIGYVGAVPAFAALIWSIIIFRRWPVTLEEQTQ",0
"MSHQKIIQDLIAWIDEHIDQPLNIDVVAKKSGYSKWYLQRMFRTVTHQTLGDYIRQRRLLLAAVELRTTERPIFDIAMDLGYVSQQTFSRVFRRQFDRTPSDYRHRL",0
"MQSDKVLNLPAGYFGIVLGTIGMGFAWRYASQVWQVSHWLGDGLVILAMIIWGLLTSAFIARLIRFPHSVLAEVRHPVLSSFVSLFPATTMLVAIGFVPWFRPLAVCLFSFGVVVQLAYAAWQTAGLWRGSHPEEATTPGLYLPTVANNFISAMACGALGYTDAGLVFLGAGVFSWLSLEPVILQRLRSSGELPTALRTSLGIQLAPALVACSAWLSVNGGEGDTLAKMLFGYGLLQLLFMLRLMPWYLSQPFNASFWSFSFGVSALATTGLHLGSGSDNGFFHTLAVPLFIFTNFIIAILLIRTFALLMQGKLLVRTERAVLMKAEDKE",0
"MSQALKNLLTLLNLEKIEEGLFRGQSEDLGLRQVFGGQVVGQALYAAKETVPEERLVHSFHSYFLRPGDSKKPIIYDVETLRDGNSFSARRVAAIQNGKPIFYMTASFQAPEAGFEHQKTMPSAPAPDGLPSETQIAQSLAHLLPPVLKDKFICDRPLEVRPVEFHNPLKGHVAEPHRQVWIRANGSVPDDLRVHQYLLGYASDLNFLPVALQPHGIGFLEPGIQIATIDHSMWFHRPFNLNEWLLYSVESTSASSARGFVRGEFYTQDGVLVASTVQEGVMRNHN",0
"MNAMGSDYIREVNVVKSARVGYSKMLLGVYAYFIEHKQRNTLIPAGFVAVFNSDESSWHLVEDHRGKTVYDVASGDALFISELGPLPENVTWLSPEGEFQKWNGTAWVKDAEAEKLFRIREAEETKNSLMQVASEHIAPLQDAVDLEIATEEETSLLEAWKKYRVLLNRVDTSTAPDIEWPTNPVRE",0
"MHKAILNSDLIATKAGDVTVYNYDGETREYISTSNEYLAVGVGIPACSCLDAPGTHKAGYAICRSADFNSWEYVPDHRGETVYSTKTGESKEIKAPGDYPENTTTIAPLSPYDKWDGEKWVTDTEAQHSAAVDAAEAQRQSLIDAAMASISLIQLKLQAGRKLTQAETTRLNAVLDYIDAVTATDTSTAPDVIWPELPEA",0