"Sequence","essencial"
"MSRVAKAPVVVPAGVDVKINGQVITIKGKNGELTRTLNDAVEVKHADNTLTFGPRDGYADGWAQAGTARALLNSMVIGVTEGFTKKLQLVGVGYRAAVKGNVINLSLGFSHPVDHQLPAGITAECPTQTEIVLKGADKQVIGQVAADLRAYRRPEPYKGKGVRYADEVVRTKEAKKK","S"
"MQVILLDKVANLGSLGDQVNVKAGYARNFLVPQGKAVPATKKNIEFFEARRAELEAKLAEVLAAANARAEKINALETVTIASKAGDEGKLFGSIGTRDIADAVTAAGVEVAKSEVRLPNGVLRTTGEHEVSFQVHSEVFAKVIVNVVAE","N"
"MQCALYDAGRCRSCQWIMQPIPEQLSAKTADLKNLLADFPVEEWCAPVSGPEQGFRNKAKMVVSGSVEKPLLGMLHRDGTPEDLCDCPLYPASFAPVFAALKPFIARAGLTPYNVARKRGELKYILLTESQSDGGMMLRFVLRSDTKLAQLRKALPWLHEQLPQLKVITVNIQPVHMAIMEGETEIYLTEQQALAERFNDVPLWIRPQSFFQTNPAVASQLYATARDWVRQLPVKHMWDLFCGVGGFGLHCATPDMQLTGIEIASEAIACAKQSAAELGLTRLQFQALDSTQFATAQGDVPELVLVNPPRRGIGKPLCDYLSTMAPRFIIYSSCNAQTMAKDIRELPGFRIERVQLFDMFPHTAHYEVLTLLVKQ","N"
"MSFSCPLCHQPLSREKNSYICPQRHQFDMAKEGYVNLLPVQHKRSRDPGDSAEMMQARRAFLDAGHYQPLRDAIVAQLRERLDDKATAVLDIGCGEGYYTHAFADALPEITTFGLDVSKVAIKAAAKRYPQVTFCVASSHRLPFSDTSMDAIIRIYAPCKAEELARVVKPGGWVITATPGPRHLMELKGLIYNEVHLHAPHAEQLEGFTLQQSAELCYPMRLRGDEAVALLQMTPFAWRAKPEVWQTLAAKEVFDCQTDFNIHLWQRSY","N"
"MSEMIYGIHAVQALLERAPERFQEVFILKGREDKRLLPLIHALESQGVVIQLANRQYLDEKSDGAVHQGIIARVKPGRQYQENDLPDLIASLDQPFLLILDGVTDPHNLGACLRSADAAGVHAVIVPKDRSAQLNATAKKVACGAAESVPLIRVTNLARTMRMLQEENIWIVGTAGEADHTLYQSKMTGRLALVMGAEGEGMRRLTREHCDELISIPMAGSVSSLNVSVATGICLFEAVRQRS","N"
"MTGKKRSASSSRWLQEHFSDKYVQQAQKKGLRSRAWFKLDEIQQSDKLFKPGMTVVDLGAAPGGWSQYVVTQIGGKGRIIACDLLPMDPIVGVDFLQGDFRDELVMKALLERVGDSKVQVVMSDMAPNMSGTPAVDIPRAMYLVELALEMCRDVLAPGGSFVVKVFQGEGFDEYLREIRSLFTKVKVRKPDSSRARSREVYIVATGRKP","N"
"MAVVKCKPTSPGRRHVVKVVNPELHKGKPFAPLLEKNSKSGGRNNNGRITTRHIGGGHKQAYRIVDFKRNKDGIPAVVERLEYDPNRSANIALVLYKDGERRYILAPKGLKAGDQIQSGVDAAIKPGNTLPMRNIPVGSTVHNVEMKPGKGGQLARSAGTYVQIVARDGAYVTLRLRSGEMRKVEADCRATLGEVGNAEHMLRVLGKAGAARWRGVRPTVRGTAMNPVDHPHGGGEGRNFGKHPVTPWGVQTKGKKTRSNKRTDKFIVRRRSK","S"
"MIGLVGKKVGMTRIFTEDGVSIPVTVIEVEANRVTQVKDLANDGYRAIQVTTGAKKANRVTKPEAGHFAKAGVEAGRGLWEFRLAEGEEFTVGQSISVELFADVKKVDVTGTSKGKGFAGTVKRWNFRTQDATHGNSLSHRVPGSIGQNQTPGKVFKGKKMAGQMGNERVTVQSLDVVRVDAERNLLLVKGAVPGATGSDLIVKPAVKA","S"
"MTVSSHRLELLSPARDAAIAREAILHGADAVYIGGPGFGARHNASNSLKDIAELVPFAHRYGAKIFVTLNTILHDDELEPAQRLITDLYQTGVDALIVQDMGILELDIPPIELHASTQCDIRTVEKAKFLSDVGFTQIVLARELNLDQIRAIHQATDATIEFFIHGALCVAYSGQCYISHAQTGRSANRGDCSQACRLPYTLKDDQGRVVSYEKHLLSMKDNDQTANLGALIDAGVRSFKIEGRYKDMSYVKNITAHYRQMLDAIIEERGDLARASSGRTEHFFVPSTEKTFHRGSTDYFVNARKGDIGAFDSPKFIGLPVGEVVKVAKDHLDVAVTEPLANGDGLNVLIKREVVGFRANTVEKTGENQYRVWPNEMPADLHKIRPHHPLNRNLDHNWQQALTKTSSERRVAVDIELGGWQEQLILTLTSEEGVSITHTLDGQFDEANNAEKAMNNLKDGLAKLGQTLYYARDVQINLPGALFVPNSLLNQFRREAADMLDAARLASYQRGSRKPVADPAPVYPQTHLSFLANVYNQKAREFYHRYGVQLIDAAYEAHEEKGEVPVMITKHCLRFAFNLCPKQAKGNIKSWKATPMQLVNGDEVLTLKFDCRPCEMHVIGKIKNHILKMPLPGSVVASVSPDELLKTLPKRKG","N"
"MARVKRGVIARARHKKILKQAKGYYGARSRVYRVAFQAVIKAGQYAYRDRRQRKRQFRQLWIARINAAARQNGISYSKFINGLKKASVEIDRKILADIAVFDKVAFTALVEKAKAALA","S"
